	origin_source_name	origin_entity_id	tamr_id	address	DOB	billingNumber	customerID	email	firstName	lastName	name	phoneNum	city	gender	state	zip	streetAddress	last_purchase_date	sales	phone_number_extracted	state_descriptive	accountDate
0	G	2	-	65 Warblr Pas, Indianapolis, IN 46216	4/10/91		2777	a.berry@hotmail.com	Allyn 	Berry	Allyn Berry		Indianapolis		IN	46216	65 Warbler Pass		476.35			
1	G	2	-	65 Warblr Pas, Indianapolis, IN 46216	4/10/91		2777	a.berry@hotmail.com	Allyn 	Berry	Allyn Berry		Indianapolis		IN	46216	65 Warbler Pass		476.35			
2	U	1	-	65 Warbler Pass, Indianapolis, IN 46216	04/10/1991	5602245135552433152	1019180	aberry3j@gravatar.com	Allen	Berry	Allen Berry	1-(317)205-1272	Indianapolis	Male	IN	46216	65 Warbler Pass		456.63	13172051272		01/03/2014
3	G	2	-	65 Warblr Pas, Indianapolis, IN 46216	4/10/91		2777	a.berry@hotmail.com	Allyn 	Berry	Allyn Berry		Indianapolis		IN	46216	65 Warbler Pass		476.35			
4	U	1	-	65 Warbler Pass, Indianapolis, IN 46216	04/10/1991	5602245135552433152	1019180	aberry3j@gravatar.com	Allen	Berry	Allen Berry	1-(317)205-1272	Indianapolis	Male	IN	46216	65 Warbler Pass		456.63	13172051272		01/03/2014
5	U	2	-	65 Warblr Pas, Indianapolis, IN 46216			2793		Allyn	Berry	Allyn Berry		Indianapolis		IN	46216	65 Warbler Pass		602.48			
6	G	2	-	65 Warblr Pas, Indianapolis, IN 46216	4/10/91		2777	a.berry@hotmail.com	Allyn 	Berry	Allyn Berry		Indianapolis		IN	46216	65 Warbler Pass		476.35			
7	U	1	-	65 Warbler Pass, Indianapolis, IN 46216	04/10/1991	5602245135552433152	1019180	aberry3j@gravatar.com	Allen	Berry	Allen Berry	1-(317)205-1272	Indianapolis	Male	IN	46216	65 Warbler Pass		456.63	13172051272		01/03/2014
8	U	2	-	65 Warblr Pas, Indianapolis, IN 46216			2793		Allyn	Berry	Allyn Berry		Indianapolis		IN	46216	65 Warbler Pass		602.48			
9	U	2	-	65 Warbler Pass, Indianapolis, IN 46216			2784		Alyn	Berry	Alyn Berry	1-(317)205-1272	Indianapolis		IN	46216	65 Warbler Pass		300.65	13172051272		
10	G	2	-	65 Warblr Pas, Indianapolis, IN 46216	4/10/91		2777	a.berry@hotmail.com	Allyn 	Berry	Allyn Berry		Indianapolis		IN	46216	65 Warbler Pass		476.35			
11	U	1	-	65 Warbler Pass, Indianapolis, IN 46216	04/10/1991	5602245135552433152	1019180	aberry3j@gravatar.com	Allen	Berry	Allen Berry	1-(317)205-1272	Indianapolis	Male	IN	46216	65 Warbler Pass		456.63	13172051272		01/03/2014
12	U	2	-	65 Warblr Pas, Indianapolis, IN 46216			2793		Allyn	Berry	Allyn Berry		Indianapolis		IN	46216	65 Warbler Pass		602.48			
13	U	2	-	65 Warbler Pass, Indianapolis, IN 46216			2784		Alyn	Berry	Alyn Berry	1-(317)205-1272	Indianapolis		IN	46216	65 Warbler Pass		300.65	13172051272		
14	U	2	-	65 Warblr Pas, Indianapolis, IN 46216			2777		Allyn	Berry	Allyn Berry		Indianapolis		IN	46216	65 Warbler Pass		322.29			
15	G	2	-	65 Warblr Pas, Indianapolis, IN 46216	4/10/91		2777	a.berry@hotmail.com	Allyn 	Berry	Allyn Berry		Indianapolis		IN	46216	65 Warbler Pass		476.35			
16	U	1	-	65 Warbler Pass, Indianapolis, IN 46216	04/10/1991	5602245135552433152	1019180	aberry3j@gravatar.com	Allen	Berry	Allen Berry	1-(317)205-1272	Indianapolis	Male	IN	46216	65 Warbler Pass		456.63	13172051272		01/03/2014
17	U	2	-	65 Warblr Pas, Indianapolis, IN 46216			2793		Allyn	Berry	Allyn Berry		Indianapolis		IN	46216	65 Warbler Pass		602.48			
18	U	2	-	65 Warbler Pass, Indianapolis, IN 46216			2784		Alyn	Berry	Alyn Berry	1-(317)205-1272	Indianapolis		IN	46216	65 Warbler Pass		300.65	13172051272		
19	U	2	-	65 Warblr Pas, Indianapolis, IN 46216			2777		Allyn	Berry	Allyn Berry		Indianapolis		IN	46216	65 Warbler Pass		322.29			
20	G	1	-	65 Warblr Pas, Indianapolis, IN 46216	4/10/91		111	aberry3j@gravatar.com	Allyn	Berry	Allyn Berry		Indianapolis		IN	46216	65 Warbler Pass		609.95			
21	G	2	-	65 Warblr Pas, Indianapolis, IN 46216	4/10/91		2777	a.berry@hotmail.com	Allyn 	Berry	Allyn Berry		Indianapolis		IN	46216	65 Warbler Pass		476.35			
22	U	1	-	65 Warbler Pass, Indianapolis, IN 46216	04/10/1991	5602245135552433152	1019180	aberry3j@gravatar.com	Allen	Berry	Allen Berry	1-(317)205-1272	Indianapolis	Male	IN	46216	65 Warbler Pass		456.63	13172051272		01/03/2014
23	U	2	-	65 Warblr Pas, Indianapolis, IN 46216			2793		Allyn	Berry	Allyn Berry		Indianapolis		IN	46216	65 Warbler Pass		602.48			
24	U	2	-	65 Warbler Pass, Indianapolis, IN 46216			2784		Alyn	Berry	Alyn Berry	1-(317)205-1272	Indianapolis		IN	46216	65 Warbler Pass		300.65	13172051272		
25	U	2	-	65 Warblr Pas, Indianapolis, IN 46216			2777		Allyn	Berry	Allyn Berry		Indianapolis		IN	46216	65 Warbler Pass		322.29			
26	G	1	-	65 Warblr Pas, Indianapolis, IN 46216	4/10/91		111	aberry3j@gravatar.com	Allyn	Berry	Allyn Berry		Indianapolis		IN	46216	65 Warbler Pass		609.95			
27	U	5	1	65 Warblr Pas, Indianapolis, IN 46216			5459		Allyn	Berry	Allyn Berry		Indianapolis		IN	46216	65 Warbler Pass		415.31			
28	G	2	-	65 Warblr Pas, Indianapolis, IN 46216	4/10/91		2777	a.berry@hotmail.com	Allyn 	Berry	Allyn Berry		Indianapolis		IN	46216	65 Warbler Pass		476.35			
29	U	1	-	65 Warbler Pass, Indianapolis, IN 46216	04/10/1991	5602245135552433152	1019180	aberry3j@gravatar.com	Allen	Berry	Allen Berry	1-(317)205-1272	Indianapolis	Male	IN	46216	65 Warbler Pass		456.63	13172051272		01/03/2014
30	U	2	-	65 Warblr Pas, Indianapolis, IN 46216			2793		Allyn	Berry	Allyn Berry		Indianapolis		IN	46216	65 Warbler Pass		602.48			
31	U	2	-	65 Warbler Pass, Indianapolis, IN 46216			2784		Alyn	Berry	Alyn Berry	1-(317)205-1272	Indianapolis		IN	46216	65 Warbler Pass		300.65	13172051272		
32	U	2	-	65 Warblr Pas, Indianapolis, IN 46216			2777		Allyn	Berry	Allyn Berry		Indianapolis		IN	46216	65 Warbler Pass		322.29			
33	G	1	-	65 Warblr Pas, Indianapolis, IN 46216	4/10/91		111	aberry3j@gravatar.com	Allyn	Berry	Allyn Berry		Indianapolis		IN	46216	65 Warbler Pass		609.95			
34	U	5	1	65 Warblr Pas, Indianapolis, IN 46216			5459		Allyn	Berry	Allyn Berry		Indianapolis		IN	46216	65 Warbler Pass		415.31			
35	U	1	5	65 Warbler Pass, Indianapolis, IN 46216			102		Alyn	Berry	Alyn Berry	1-(317)205-1272	Indianapolis		IN	46216	65 Warbler Pass		432.62	13172051272		
36	G	2	-	65 Warblr Pas, Indianapolis, IN 46216	4/10/91		2777	a.berry@hotmail.com	Allyn 	Berry	Allyn Berry		Indianapolis		IN	46216	65 Warbler Pass		476.35			
37	U	1	-	65 Warbler Pass, Indianapolis, IN 46216	04/10/1991	5602245135552433152	1019180	aberry3j@gravatar.com	Allen	Berry	Allen Berry	1-(317)205-1272	Indianapolis	Male	IN	46216	65 Warbler Pass		456.63	13172051272		01/03/2014
38	U	2	-	65 Warblr Pas, Indianapolis, IN 46216			2793		Allyn	Berry	Allyn Berry		Indianapolis		IN	46216	65 Warbler Pass		602.48			
39	U	2	-	65 Warbler Pass, Indianapolis, IN 46216			2784		Alyn	Berry	Alyn Berry	1-(317)205-1272	Indianapolis		IN	46216	65 Warbler Pass		300.65	13172051272		
40	U	2	-	65 Warblr Pas, Indianapolis, IN 46216			2777		Allyn	Berry	Allyn Berry		Indianapolis		IN	46216	65 Warbler Pass		322.29			
41	G	1	-	65 Warblr Pas, Indianapolis, IN 46216	4/10/91		111	aberry3j@gravatar.com	Allyn	Berry	Allyn Berry		Indianapolis		IN	46216	65 Warbler Pass		609.95			
42	U	5	1	65 Warblr Pas, Indianapolis, IN 46216			5459		Allyn	Berry	Allyn Berry		Indianapolis		IN	46216	65 Warbler Pass		415.31			
43	U	1	5	65 Warbler Pass, Indianapolis, IN 46216			102		Alyn	Berry	Alyn Berry	1-(317)205-1272	Indianapolis		IN	46216	65 Warbler Pass		432.62	13172051272		
44	U	1	7	65 Warblr Passage, Indianapolis, IN 46216			111		Allyn	Berry	Allyn Berry		Indianapolis		IN	46216	65 Warbler Passage		405.55			
45	G	2	-	65 Warblr Pas, Indianapolis, IN 46216	4/10/91		2777	a.berry@hotmail.com	Allyn 	Berry	Allyn Berry		Indianapolis		IN	46216	65 Warbler Pass		476.35			
46	U	1	-	65 Warbler Pass, Indianapolis, IN 46216	04/10/1991	5602245135552433152	1019180	aberry3j@gravatar.com	Allen	Berry	Allen Berry	1-(317)205-1272	Indianapolis	Male	IN	46216	65 Warbler Pass		456.63	13172051272		01/03/2014
47	U	2	-	65 Warblr Pas, Indianapolis, IN 46216			2793		Allyn	Berry	Allyn Berry		Indianapolis		IN	46216	65 Warbler Pass		602.48			
48	U	2	-	65 Warbler Pass, Indianapolis, IN 46216			2784		Alyn	Berry	Alyn Berry	1-(317)205-1272	Indianapolis		IN	46216	65 Warbler Pass		300.65	13172051272		
49	U	2	-	65 Warblr Pas, Indianapolis, IN 46216			2777		Allyn	Berry	Allyn Berry		Indianapolis		IN	46216	65 Warbler Pass		322.29			
50	G	1	-	65 Warblr Pas, Indianapolis, IN 46216	4/10/91		111	aberry3j@gravatar.com	Allyn	Berry	Allyn Berry		Indianapolis		IN	46216	65 Warbler Pass		609.95			
51	U	5	1	65 Warblr Pas, Indianapolis, IN 46216			5459		Allyn	Berry	Allyn Berry		Indianapolis		IN	46216	65 Warbler Pass		415.31			
52	U	1	5	65 Warbler Pass, Indianapolis, IN 46216			102		Alyn	Berry	Alyn Berry	1-(317)205-1272	Indianapolis		IN	46216	65 Warbler Pass		432.62	13172051272		
53	U	1	7	65 Warblr Passage, Indianapolis, IN 46216			111		Allyn	Berry	Allyn Berry		Indianapolis		IN	46216	65 Warbler Passage		405.55			
54	G	1	8	65 Warblr Pas, Indianapolis, IN 46216	4/10/91		102	aberry3j@gravatar.com	Allyn	Berry	Allyn Berry	1-(317)205-1272	Indianapolis		IN	46216	65 Warbler Pass		567.14	13172051272		
55	G	2	-	65 Warblr Pas, Indianapolis, IN 46216	4/10/91		2777	a.berry@hotmail.com	Allyn 	Berry	Allyn Berry		Indianapolis		IN	46216	65 Warbler Pass		476.35			
56	U	1	-	65 Warbler Pass, Indianapolis, IN 46216	04/10/1991	5602245135552433152	1019180	aberry3j@gravatar.com	Allen	Berry	Allen Berry	1-(317)205-1272	Indianapolis	Male	IN	46216	65 Warbler Pass		456.63	13172051272		01/03/2014
57	U	2	-	65 Warblr Pas, Indianapolis, IN 46216			2793		Allyn	Berry	Allyn Berry		Indianapolis		IN	46216	65 Warbler Pass		602.48			
58	U	2	-	65 Warbler Pass, Indianapolis, IN 46216			2784		Alyn	Berry	Alyn Berry	1-(317)205-1272	Indianapolis		IN	46216	65 Warbler Pass		300.65	13172051272		
59	U	2	-	65 Warblr Pas, Indianapolis, IN 46216			2777		Allyn	Berry	Allyn Berry		Indianapolis		IN	46216	65 Warbler Pass		322.29			
60	G	1	-	65 Warblr Pas, Indianapolis, IN 46216	4/10/91		111	aberry3j@gravatar.com	Allyn	Berry	Allyn Berry		Indianapolis		IN	46216	65 Warbler Pass		609.95			
61	U	5	1	65 Warblr Pas, Indianapolis, IN 46216			5459		Allyn	Berry	Allyn Berry		Indianapolis		IN	46216	65 Warbler Pass		415.31			
62	U	1	5	65 Warbler Pass, Indianapolis, IN 46216			102		Alyn	Berry	Alyn Berry	1-(317)205-1272	Indianapolis		IN	46216	65 Warbler Pass		432.62	13172051272		
63	U	1	7	65 Warblr Passage, Indianapolis, IN 46216			111		Allyn	Berry	Allyn Berry		Indianapolis		IN	46216	65 Warbler Passage		405.55			
64	G	1	8	65 Warblr Pas, Indianapolis, IN 46216	4/10/91		102	aberry3j@gravatar.com	Allyn	Berry	Allyn Berry	1-(317)205-1272	Indianapolis		IN	46216	65 Warbler Pass		567.14	13172051272		
65	A	2	9	65 Warbler Pass, Indianapolis, IN 46216		5602245135552433152	291139		Alan	Berry	Alan Berry	1-(317)205-1272	Indianapolis		IN	46216	65 Warbler Pass	01/03/2014	689.43	13172051272		
66	U	1	-	9 Aberg Trail, Philadelphia, PA 19151	07/31/1966		1032567	darnoldea@icio.us	Dianne	Arnie	Dianne Arnie		Philadelphia	Female	PA	19151	9 Aberg Trail		456.84			09/01/2012
67	U	1	-	9 Aberg Trail, Philadelphia, PA 19151	07/31/1966		1032567	darnoldea@icio.us	Dianne	Arnie	Dianne Arnie		Philadelphia	Female	PA	19151	9 Aberg Trail		456.84			09/01/2012
68	U	5	-	9 Aberg Trail, Phil, PA 19151			5461		Diana	Arny	Diana Arny		Philadelphia		PA	19151	9 Aberg Trail		589.28			
69	U	1	-	9 Aberg Trail, Philadelphia, PA 19151	07/31/1966		1032567	darnoldea@icio.us	Dianne	Arnie	Dianne Arnie		Philadelphia	Female	PA	19151	9 Aberg Trail		456.84			09/01/2012
70	U	5	-	9 Aberg Trail, Phil, PA 19151			5461		Diana	Arny	Diana Arny		Philadelphia		PA	19151	9 Aberg Trail		589.28			
71	U	2	-	9 Aberg Trail, Phil, PA 19151			2779		Diane	Arnie	Diane Arnie		Philadelphia		PA	19151	9 Aberg Trail		319.6			
72	U	1	-	9 Aberg Trail, Philadelphia, PA 19151	07/31/1966		1032567	darnoldea@icio.us	Dianne	Arnie	Dianne Arnie		Philadelphia	Female	PA	19151	9 Aberg Trail		456.84			09/01/2012
73	U	5	-	9 Aberg Trail, Phil, PA 19151			5461		Diana	Arny	Diana Arny		Philadelphia		PA	19151	9 Aberg Trail		589.28			
74	U	2	-	9 Aberg Trail, Phil, PA 19151			2779		Diane	Arnie	Diane Arnie		Philadelphia		PA	19151	9 Aberg Trail		319.6			
75	U	1	-	9 Aberg Tl, Phil, PA 19151			104		Diane	Arny	Diane Arny		Philadelphia		PA	19151	9 Aberg Trail		509.82			
76	U	1	-	9 Aberg Trail, Philadelphia, PA 19151	07/31/1966		1032567	darnoldea@icio.us	Dianne	Arnie	Dianne Arnie		Philadelphia	Female	PA	19151	9 Aberg Trail		456.84			09/01/2012
77	U	5	-	9 Aberg Trail, Phil, PA 19151			5461		Diana	Arny	Diana Arny		Philadelphia		PA	19151	9 Aberg Trail		589.28			
78	U	2	-	9 Aberg Trail, Phil, PA 19151			2779		Diane	Arnie	Diane Arnie		Philadelphia		PA	19151	9 Aberg Trail		319.6			
79	U	1	-	9 Aberg Tl, Phil, PA 19151			104		Diane	Arny	Diane Arny		Philadelphia		PA	19151	9 Aberg Trail		509.82			
80	G	2	-	9 Aberg Trail, Phil, PA 19151	7/31/66		2779	dianne.arnie@gmail.com	Dianne 	Arnie	Dianne Arnie		Philadelphia		PA	19151	9 Aberg Trail		421.35			
81	U	1	-	9 Aberg Trail, Philadelphia, PA 19151	07/31/1966		1032567	darnoldea@icio.us	Dianne	Arnie	Dianne Arnie		Philadelphia	Female	PA	19151	9 Aberg Trail		456.84			09/01/2012
82	U	5	-	9 Aberg Trail, Phil, PA 19151			5461		Diana	Arny	Diana Arny		Philadelphia		PA	19151	9 Aberg Trail		589.28			
83	U	2	-	9 Aberg Trail, Phil, PA 19151			2779		Diane	Arnie	Diane Arnie		Philadelphia		PA	19151	9 Aberg Trail		319.6			
84	U	1	-	9 Aberg Tl, Phil, PA 19151			104		Diane	Arny	Diane Arny		Philadelphia		PA	19151	9 Aberg Trail		509.82			
85	G	2	-	9 Aberg Trail, Phil, PA 19151	7/31/66		2779	dianne.arnie@gmail.com	Dianne 	Arnie	Dianne Arnie		Philadelphia		PA	19151	9 Aberg Trail		421.35			
86	G	1	-	9 Aberg Trail, Phili, PA 19151	7/31/66		113	darnoldea@icio.us	Dianne	Arnie	Dianne Arnie		Philadelphia		PA	19151	9 Aberg Trail		317.03			
87	U	1	-	9 Aberg Trail, Philadelphia, PA 19151	07/31/1966		1032567	darnoldea@icio.us	Dianne	Arnie	Dianne Arnie		Philadelphia	Female	PA	19151	9 Aberg Trail		456.84			09/01/2012
88	U	5	-	9 Aberg Trail, Phil, PA 19151			5461		Diana	Arny	Diana Arny		Philadelphia		PA	19151	9 Aberg Trail		589.28			
89	U	2	-	9 Aberg Trail, Phil, PA 19151			2779		Diane	Arnie	Diane Arnie		Philadelphia		PA	19151	9 Aberg Trail		319.6			
90	U	1	-	9 Aberg Tl, Phil, PA 19151			104		Diane	Arny	Diane Arny		Philadelphia		PA	19151	9 Aberg Trail		509.82			
91	G	2	-	9 Aberg Trail, Phil, PA 19151	7/31/66		2779	dianne.arnie@gmail.com	Dianne 	Arnie	Dianne Arnie		Philadelphia		PA	19151	9 Aberg Trail		421.35			
92	G	1	-	9 Aberg Trail, Phili, PA 19151	7/31/66		113	darnoldea@icio.us	Dianne	Arnie	Dianne Arnie		Philadelphia		PA	19151	9 Aberg Trail		317.03			
93	G	1	-	9 Aberg Trail, Phil, PA 19151	7/31/66		104	darnoldea@icio.us	Dianne	Arnie	Dianne Arnie		Philadelphia		PA	19151	9 Aberg Trail		485.87			
94	U	1	-	9 Aberg Trail, Philadelphia, PA 19151	07/31/1966		1032567	darnoldea@icio.us	Dianne	Arnie	Dianne Arnie		Philadelphia	Female	PA	19151	9 Aberg Trail		456.84			09/01/2012
95	U	5	-	9 Aberg Trail, Phil, PA 19151			5461		Diana	Arny	Diana Arny		Philadelphia		PA	19151	9 Aberg Trail		589.28			
96	U	2	-	9 Aberg Trail, Phil, PA 19151			2779		Diane	Arnie	Diane Arnie		Philadelphia		PA	19151	9 Aberg Trail		319.6			
97	U	1	-	9 Aberg Tl, Phil, PA 19151			104		Diane	Arny	Diane Arny		Philadelphia		PA	19151	9 Aberg Trail		509.82			
98	G	2	-	9 Aberg Trail, Phil, PA 19151	7/31/66		2779	dianne.arnie@gmail.com	Dianne 	Arnie	Dianne Arnie		Philadelphia		PA	19151	9 Aberg Trail		421.35			
99	G	1	-	9 Aberg Trail, Phili, PA 19151	7/31/66		113	darnoldea@icio.us	Dianne	Arnie	Dianne Arnie		Philadelphia		PA	19151	9 Aberg Trail		317.03			
100	G	1	-	9 Aberg Trail, Phil, PA 19151	7/31/66		104	darnoldea@icio.us	Dianne	Arnie	Dianne Arnie		Philadelphia		PA	19151	9 Aberg Trail		485.87			
101	U	2	4	9 Aberg Tl, Phil, PA 19151			2786		Diane	Arny	Diane Arny		Philadelphia		PA	19151	9 Aberg Trail		351.48			
102	U	1	-	9 Aberg Trail, Philadelphia, PA 19151	07/31/1966		1032567	darnoldea@icio.us	Dianne	Arnie	Dianne Arnie		Philadelphia	Female	PA	19151	9 Aberg Trail		456.84			09/01/2012
103	U	5	-	9 Aberg Trail, Phil, PA 19151			5461		Diana	Arny	Diana Arny		Philadelphia		PA	19151	9 Aberg Trail		589.28			
104	U	2	-	9 Aberg Trail, Phil, PA 19151			2779		Diane	Arnie	Diane Arnie		Philadelphia		PA	19151	9 Aberg Trail		319.6			
105	U	1	-	9 Aberg Tl, Phil, PA 19151			104		Diane	Arny	Diane Arny		Philadelphia		PA	19151	9 Aberg Trail		509.82			
106	G	2	-	9 Aberg Trail, Phil, PA 19151	7/31/66		2779	dianne.arnie@gmail.com	Dianne 	Arnie	Dianne Arnie		Philadelphia		PA	19151	9 Aberg Trail		421.35			
107	G	1	-	9 Aberg Trail, Phili, PA 19151	7/31/66		113	darnoldea@icio.us	Dianne	Arnie	Dianne Arnie		Philadelphia		PA	19151	9 Aberg Trail		317.03			
108	G	1	-	9 Aberg Trail, Phil, PA 19151	7/31/66		104	darnoldea@icio.us	Dianne	Arnie	Dianne Arnie		Philadelphia		PA	19151	9 Aberg Trail		485.87			
109	U	2	4	9 Aberg Tl, Phil, PA 19151			2786		Diane	Arny	Diane Arny		Philadelphia		PA	19151	9 Aberg Trail		351.48			
110	U	2	5	9 Ahberg Trail, PA 19151			2795		Dianne	Arnie	Dianne Arnie		Philadelphia		PA	19151	9 Ahberg Trail		495.82			
111	U	1	-	9 Aberg Trail, Philadelphia, PA 19151	07/31/1966		1032567	darnoldea@icio.us	Dianne	Arnie	Dianne Arnie		Philadelphia	Female	PA	19151	9 Aberg Trail		456.84			09/01/2012
112	U	5	-	9 Aberg Trail, Phil, PA 19151			5461		Diana	Arny	Diana Arny		Philadelphia		PA	19151	9 Aberg Trail		589.28			
113	U	2	-	9 Aberg Trail, Phil, PA 19151			2779		Diane	Arnie	Diane Arnie		Philadelphia		PA	19151	9 Aberg Trail		319.6			
114	U	1	-	9 Aberg Tl, Phil, PA 19151			104		Diane	Arny	Diane Arny		Philadelphia		PA	19151	9 Aberg Trail		509.82			
115	G	2	-	9 Aberg Trail, Phil, PA 19151	7/31/66		2779	dianne.arnie@gmail.com	Dianne 	Arnie	Dianne Arnie		Philadelphia		PA	19151	9 Aberg Trail		421.35			
116	G	1	-	9 Aberg Trail, Phili, PA 19151	7/31/66		113	darnoldea@icio.us	Dianne	Arnie	Dianne Arnie		Philadelphia		PA	19151	9 Aberg Trail		317.03			
117	G	1	-	9 Aberg Trail, Phil, PA 19151	7/31/66		104	darnoldea@icio.us	Dianne	Arnie	Dianne Arnie		Philadelphia		PA	19151	9 Aberg Trail		485.87			
118	U	2	4	9 Aberg Tl, Phil, PA 19151			2786		Diane	Arny	Diane Arny		Philadelphia		PA	19151	9 Aberg Trail		351.48			
119	U	2	5	9 Ahberg Trail, PA 19151			2795		Dianne	Arnie	Dianne Arnie		Philadelphia		PA	19151	9 Ahberg Trail		495.82			
120	U	1	5	9 Aberg Trail, Phili, PA 19151			113		Dianne	Arnie	Dianne Arnie		Philadelphia		PA	19151	9 Aberg Trail		491.35			
121	U	1	-	9 Aberg Trail, Philadelphia, PA 19151	07/31/1966		1032567	darnoldea@icio.us	Dianne	Arnie	Dianne Arnie		Philadelphia	Female	PA	19151	9 Aberg Trail		456.84			09/01/2012
122	U	5	-	9 Aberg Trail, Phil, PA 19151			5461		Diana	Arny	Diana Arny		Philadelphia		PA	19151	9 Aberg Trail		589.28			
123	U	2	-	9 Aberg Trail, Phil, PA 19151			2779		Diane	Arnie	Diane Arnie		Philadelphia		PA	19151	9 Aberg Trail		319.6			
124	U	1	-	9 Aberg Tl, Phil, PA 19151			104		Diane	Arny	Diane Arny		Philadelphia		PA	19151	9 Aberg Trail		509.82			
125	G	2	-	9 Aberg Trail, Phil, PA 19151	7/31/66		2779	dianne.arnie@gmail.com	Dianne 	Arnie	Dianne Arnie		Philadelphia		PA	19151	9 Aberg Trail		421.35			
126	G	1	-	9 Aberg Trail, Phili, PA 19151	7/31/66		113	darnoldea@icio.us	Dianne	Arnie	Dianne Arnie		Philadelphia		PA	19151	9 Aberg Trail		317.03			
127	G	1	-	9 Aberg Trail, Phil, PA 19151	7/31/66		104	darnoldea@icio.us	Dianne	Arnie	Dianne Arnie		Philadelphia		PA	19151	9 Aberg Trail		485.87			
128	U	2	4	9 Aberg Tl, Phil, PA 19151			2786		Diane	Arny	Diane Arny		Philadelphia		PA	19151	9 Aberg Trail		351.48			
129	U	2	5	9 Ahberg Trail, PA 19151			2795		Dianne	Arnie	Dianne Arnie		Philadelphia		PA	19151	9 Ahberg Trail		495.82			
130	U	1	5	9 Aberg Trail, Phili, PA 19151			113		Dianne	Arnie	Dianne Arnie		Philadelphia		PA	19151	9 Aberg Trail		491.35			
131	A	3	5	9 Aberg Trl., Philadelphia, PA 19151		67711223811915336	304526	darnoldea@icio.us	Deanna	Arnie	Deanna Arnie	1-(610)971-8852	Philadelphia		PA	19151	9 Aberg Trl.	09/01/2012	746.25	16109718852		
132	U	2	-	560 Packers Aly, Syracuse, NY 13210			2782		J	Coleman	J Coleman		Syracuse		NY	13210	560 Packers Aly		334.1			
133	U	2	-	560 Packers Aly, Syracuse, NY 13210			2782		J	Coleman	J Coleman		Syracuse		NY	13210	560 Packers Aly		334.1			
134	U	2	-	560 Packers Aly, Syracuse, NY 13210			2798		J	Coleman	J Coleman		Syracuse		NY	13210	560 Packers Aly		519.02			
135	U	2	-	560 Packers Aly, Syracuse, NY 13210			2782		J	Coleman	J Coleman		Syracuse		NY	13210	560 Packers Aly		334.1			
136	U	2	-	560 Packers Aly, Syracuse, NY 13210			2798		J	Coleman	J Coleman		Syracuse		NY	13210	560 Packers Aly		519.02			
137	U	5	-	560 Packers Aly, Syracuse, NY 13210			5464		J	Coleman	J Coleman		Syracuse		NY	13210	560 Packers Aly		308.38			
138	U	2	-	560 Packers Aly, Syracuse, NY 13210			2782		J	Coleman	J Coleman		Syracuse		NY	13210	560 Packers Aly		334.1			
139	U	2	-	560 Packers Aly, Syracuse, NY 13210			2798		J	Coleman	J Coleman		Syracuse		NY	13210	560 Packers Aly		519.02			
140	U	5	-	560 Packers Aly, Syracuse, NY 13210			5464		J	Coleman	J Coleman		Syracuse		NY	13210	560 Packers Aly		308.38			
141	G	1	-	560 Packers Aly, Syracuse, NY 13210	10/27/82		107	jcoleman9z@51.la	J	Coleman	J Coleman		Syracuse		NY	13210	560 Packers Aly		669.9			
142	U	2	-	560 Packers Aly, Syracuse, NY 13210			2782		J	Coleman	J Coleman		Syracuse		NY	13210	560 Packers Aly		334.1			
143	U	2	-	560 Packers Aly, Syracuse, NY 13210			2798		J	Coleman	J Coleman		Syracuse		NY	13210	560 Packers Aly		519.02			
144	U	5	-	560 Packers Aly, Syracuse, NY 13210			5464		J	Coleman	J Coleman		Syracuse		NY	13210	560 Packers Aly		308.38			
145	G	1	-	560 Packers Aly, Syracuse, NY 13210	10/27/82		107	jcoleman9z@51.la	J	Coleman	J Coleman		Syracuse		NY	13210	560 Packers Aly		669.9			
146	U	1	-	560 Packers Aly, Syracuse, NY 13210			116		J	Coleman	J Coleman		Syracuse		NY	13210	560 Packers Aly		625.87			
147	U	2	-	560 Packers Aly, Syracuse, NY 13210			2782		J	Coleman	J Coleman		Syracuse		NY	13210	560 Packers Aly		334.1			
148	U	2	-	560 Packers Aly, Syracuse, NY 13210			2798		J	Coleman	J Coleman		Syracuse		NY	13210	560 Packers Aly		519.02			
149	U	5	-	560 Packers Aly, Syracuse, NY 13210			5464		J	Coleman	J Coleman		Syracuse		NY	13210	560 Packers Aly		308.38			
150	G	1	-	560 Packers Aly, Syracuse, NY 13210	10/27/82		107	jcoleman9z@51.la	J	Coleman	J Coleman		Syracuse		NY	13210	560 Packers Aly		669.9			
151	U	1	-	560 Packers Aly, Syracuse, NY 13210			116		J	Coleman	J Coleman		Syracuse		NY	13210	560 Packers Aly		625.87			
152	G	1	4	560 Packers Aly, Syracuse, NY 13210	10/27/82		116	jcoleman9z@51.la	J	Coleman	J Coleman		Syracuse		NY	13210	560 Packers Aly		315.59			
153	U	2	-	560 Packers Aly, Syracuse, NY 13210			2782		J	Coleman	J Coleman		Syracuse		NY	13210	560 Packers Aly		334.1			
154	U	2	-	560 Packers Aly, Syracuse, NY 13210			2798		J	Coleman	J Coleman		Syracuse		NY	13210	560 Packers Aly		519.02			
155	U	5	-	560 Packers Aly, Syracuse, NY 13210			5464		J	Coleman	J Coleman		Syracuse		NY	13210	560 Packers Aly		308.38			
156	G	1	-	560 Packers Aly, Syracuse, NY 13210	10/27/82		107	jcoleman9z@51.la	J	Coleman	J Coleman		Syracuse		NY	13210	560 Packers Aly		669.9			
157	U	1	-	560 Packers Aly, Syracuse, NY 13210			116		J	Coleman	J Coleman		Syracuse		NY	13210	560 Packers Aly		625.87			
158	G	1	4	560 Packers Aly, Syracuse, NY 13210	10/27/82		116	jcoleman9z@51.la	J	Coleman	J Coleman		Syracuse		NY	13210	560 Packers Aly		315.59			
159	U	1	5	560 Packers Aly, Syracuse, NY 13210			107		Jo	Coleman	Jo Coleman		Syracuse		NY	13210	560 Packers Aly		439.7			
160	U	2	-	560 Packers Aly, Syracuse, NY 13210			2782		J	Coleman	J Coleman		Syracuse		NY	13210	560 Packers Aly		334.1			
161	U	2	-	560 Packers Aly, Syracuse, NY 13210			2798		J	Coleman	J Coleman		Syracuse		NY	13210	560 Packers Aly		519.02			
162	U	5	-	560 Packers Aly, Syracuse, NY 13210			5464		J	Coleman	J Coleman		Syracuse		NY	13210	560 Packers Aly		308.38			
163	G	1	-	560 Packers Aly, Syracuse, NY 13210	10/27/82		107	jcoleman9z@51.la	J	Coleman	J Coleman		Syracuse		NY	13210	560 Packers Aly		669.9			
164	U	1	-	560 Packers Aly, Syracuse, NY 13210			116		J	Coleman	J Coleman		Syracuse		NY	13210	560 Packers Aly		625.87			
165	G	1	4	560 Packers Aly, Syracuse, NY 13210	10/27/82		116	jcoleman9z@51.la	J	Coleman	J Coleman		Syracuse		NY	13210	560 Packers Aly		315.59			
166	U	1	5	560 Packers Aly, Syracuse, NY 13210			107		Jo	Coleman	Jo Coleman		Syracuse		NY	13210	560 Packers Aly		439.7			
167	A	3	8	560 Packers Alley, Syracuse, NY 13210			340371	jcoleman9z@51.la	Jo	Coleman	Jo Coleman	1-(315)980-9331	Syracuse		NY	13210	560 Packers Alley	07/28/2013	784.38	13159809331		
168	U	2	-	560 Packers Aly, Syracuse, NY 13210			2782		J	Coleman	J Coleman		Syracuse		NY	13210	560 Packers Aly		334.1			
169	U	2	-	560 Packers Aly, Syracuse, NY 13210			2798		J	Coleman	J Coleman		Syracuse		NY	13210	560 Packers Aly		519.02			
170	U	5	-	560 Packers Aly, Syracuse, NY 13210			5464		J	Coleman	J Coleman		Syracuse		NY	13210	560 Packers Aly		308.38			
171	G	1	-	560 Packers Aly, Syracuse, NY 13210	10/27/82		107	jcoleman9z@51.la	J	Coleman	J Coleman		Syracuse		NY	13210	560 Packers Aly		669.9			
172	U	1	-	560 Packers Aly, Syracuse, NY 13210			116		J	Coleman	J Coleman		Syracuse		NY	13210	560 Packers Aly		625.87			
173	G	1	4	560 Packers Aly, Syracuse, NY 13210	10/27/82		116	jcoleman9z@51.la	J	Coleman	J Coleman		Syracuse		NY	13210	560 Packers Aly		315.59			
174	U	1	5	560 Packers Aly, Syracuse, NY 13210			107		Jo	Coleman	Jo Coleman		Syracuse		NY	13210	560 Packers Aly		439.7			
175	A	3	8	560 Packers Alley, Syracuse, NY 13210			340371	jcoleman9z@51.la	Jo	Coleman	Jo Coleman	1-(315)980-9331	Syracuse		NY	13210	560 Packers Alley	07/28/2013	784.38	13159809331		
176	U	1	8	560 Packers Aly, Syracuse, NY 13210	10/27/1982	6331108481140097024	1068412	jcoleman9z@51.la	Jo	Coleman	Jo Coleman		Syracuse	Female	NY	13210	560 Packers Aly		177.11			07/28/2013
177	U	2	-	560 Packers Aly, Syracuse, NY 13210			2782		J	Coleman	J Coleman		Syracuse		NY	13210	560 Packers Aly		334.1			
178	U	2	-	560 Packers Aly, Syracuse, NY 13210			2798		J	Coleman	J Coleman		Syracuse		NY	13210	560 Packers Aly		519.02			
179	U	5	-	560 Packers Aly, Syracuse, NY 13210			5464		J	Coleman	J Coleman		Syracuse		NY	13210	560 Packers Aly		308.38			
180	G	1	-	560 Packers Aly, Syracuse, NY 13210	10/27/82		107	jcoleman9z@51.la	J	Coleman	J Coleman		Syracuse		NY	13210	560 Packers Aly		669.9			
181	U	1	-	560 Packers Aly, Syracuse, NY 13210			116		J	Coleman	J Coleman		Syracuse		NY	13210	560 Packers Aly		625.87			
182	G	1	4	560 Packers Aly, Syracuse, NY 13210	10/27/82		116	jcoleman9z@51.la	J	Coleman	J Coleman		Syracuse		NY	13210	560 Packers Aly		315.59			
183	U	1	5	560 Packers Aly, Syracuse, NY 13210			107		Jo	Coleman	Jo Coleman		Syracuse		NY	13210	560 Packers Aly		439.7			
184	A	3	8	560 Packers Alley, Syracuse, NY 13210			340371	jcoleman9z@51.la	Jo	Coleman	Jo Coleman	1-(315)980-9331	Syracuse		NY	13210	560 Packers Alley	07/28/2013	784.38	13159809331		
185	U	1	8	560 Packers Aly, Syracuse, NY 13210	10/27/1982	6331108481140097024	1068412	jcoleman9z@51.la	Jo	Coleman	Jo Coleman		Syracuse	Female	NY	13210	560 Packers Aly		177.11			07/28/2013
186	U	2	9	560 Packers Aly, Syracuse, NY 13210			2789		Jo	Coleman	Jo Coleman		Syracuse		NY	13210	560 Packers Aly		189.99			
187	U	2	-	560 Packers Aly, Syracuse, NY 13210			2782		J	Coleman	J Coleman		Syracuse		NY	13210	560 Packers Aly		334.1			
188	U	2	-	560 Packers Aly, Syracuse, NY 13210			2798		J	Coleman	J Coleman		Syracuse		NY	13210	560 Packers Aly		519.02			
189	U	5	-	560 Packers Aly, Syracuse, NY 13210			5464		J	Coleman	J Coleman		Syracuse		NY	13210	560 Packers Aly		308.38			
190	G	1	-	560 Packers Aly, Syracuse, NY 13210	10/27/82		107	jcoleman9z@51.la	J	Coleman	J Coleman		Syracuse		NY	13210	560 Packers Aly		669.9			
191	U	1	-	560 Packers Aly, Syracuse, NY 13210			116		J	Coleman	J Coleman		Syracuse		NY	13210	560 Packers Aly		625.87			
192	G	1	4	560 Packers Aly, Syracuse, NY 13210	10/27/82		116	jcoleman9z@51.la	J	Coleman	J Coleman		Syracuse		NY	13210	560 Packers Aly		315.59			
193	U	1	5	560 Packers Aly, Syracuse, NY 13210			107		Jo	Coleman	Jo Coleman		Syracuse		NY	13210	560 Packers Aly		439.7			
194	A	3	8	560 Packers Alley, Syracuse, NY 13210			340371	jcoleman9z@51.la	Jo	Coleman	Jo Coleman	1-(315)980-9331	Syracuse		NY	13210	560 Packers Alley	07/28/2013	784.38	13159809331		
195	U	1	8	560 Packers Aly, Syracuse, NY 13210	10/27/1982	6331108481140097024	1068412	jcoleman9z@51.la	Jo	Coleman	Jo Coleman		Syracuse	Female	NY	13210	560 Packers Aly		177.11			07/28/2013
196	U	2	9	560 Packers Aly, Syracuse, NY 13210			2789		Jo	Coleman	Jo Coleman		Syracuse		NY	13210	560 Packers Aly		189.99			
197	G	2	9	560 Packers Aly, Syracuse, NY 13210	10/27/82		2782	johanna.coleman@outlook.com	J 	Coleman	J Coleman		Syracuse		NY	13210	560 Packers Aly		403.53			
198	U	2	-	85 Thackeray Av, Lexington, KY 40596			2776		Pattie	Thompson	Pattie Thompson		Lexington		KY	40596	85 Thackeray Ave		379.88			
199	U	2	-	85 Thackeray Av, Lexington, KY 40596			2776		Pattie	Thompson	Pattie Thompson		Lexington		KY	40596	85 Thackeray Ave		379.88			
200	G	1	-	85 Thackeray Av, Lexington, KY 40596	1/30/02		110		Pattie	Thompson	Pattie Thompson		Lexington		KY	40596	85 Thackeray Ave		355.09			
201	U	2	-	85 Thackeray Av, Lexington, KY 40596			2776		Pattie	Thompson	Pattie Thompson		Lexington		KY	40596	85 Thackeray Ave		379.88			
202	G	1	-	85 Thackeray Av, Lexington, KY 40596	1/30/02		110		Pattie	Thompson	Pattie Thompson		Lexington		KY	40596	85 Thackeray Ave		355.09			
203	U	1	-	85 Thackeray Ave, Lexington, KY 40596	01/30/2002	374622678960476	1002661		Patty	Thompson	Patty Thompson	1-(859)282-2818	Lexington	Female	KY	40596	85 Thackeray Ave		515.33	18592822818		09/30/2013
204	U	2	-	85 Thackeray Av, Lexington, KY 40596			2776		Pattie	Thompson	Pattie Thompson		Lexington		KY	40596	85 Thackeray Ave		379.88			
205	G	1	-	85 Thackeray Av, Lexington, KY 40596	1/30/02		110		Pattie	Thompson	Pattie Thompson		Lexington		KY	40596	85 Thackeray Ave		355.09			
206	U	1	-	85 Thackeray Ave, Lexington, KY 40596	01/30/2002	374622678960476	1002661		Patty	Thompson	Patty Thompson	1-(859)282-2818	Lexington	Female	KY	40596	85 Thackeray Ave		515.33	18592822818		09/30/2013
207	U	2	-	85 Thackeray Av, Lexington, KY 40596			2792		Pattie	Thompson	Pattie Thompson		Lexington		KY	40596	85 Thackeray Ave		564.02			
208	U	2	-	85 Thackeray Av, Lexington, KY 40596			2776		Pattie	Thompson	Pattie Thompson		Lexington		KY	40596	85 Thackeray Ave		379.88			
209	G	1	-	85 Thackeray Av, Lexington, KY 40596	1/30/02		110		Pattie	Thompson	Pattie Thompson		Lexington		KY	40596	85 Thackeray Ave		355.09			
210	U	1	-	85 Thackeray Ave, Lexington, KY 40596	01/30/2002	374622678960476	1002661		Patty	Thompson	Patty Thompson	1-(859)282-2818	Lexington	Female	KY	40596	85 Thackeray Ave		515.33	18592822818		09/30/2013
211	U	2	-	85 Thackeray Av, Lexington, KY 40596			2792		Pattie	Thompson	Pattie Thompson		Lexington		KY	40596	85 Thackeray Ave		564.02			
212	U	2	-	85 Thackeray Avenue, Lexington, KY 40596			2783		Pat	Thompson	Pat Thompson		Lexington		KY	40596	85 Thackeray Ave		502.83			
213	U	2	-	85 Thackeray Av, Lexington, KY 40596			2776		Pattie	Thompson	Pattie Thompson		Lexington		KY	40596	85 Thackeray Ave		379.88			
214	G	1	-	85 Thackeray Av, Lexington, KY 40596	1/30/02		110		Pattie	Thompson	Pattie Thompson		Lexington		KY	40596	85 Thackeray Ave		355.09			
215	U	1	-	85 Thackeray Ave, Lexington, KY 40596	01/30/2002	374622678960476	1002661		Patty	Thompson	Patty Thompson	1-(859)282-2818	Lexington	Female	KY	40596	85 Thackeray Ave		515.33	18592822818		09/30/2013
216	U	2	-	85 Thackeray Av, Lexington, KY 40596			2792		Pattie	Thompson	Pattie Thompson		Lexington		KY	40596	85 Thackeray Ave		564.02			
217	U	2	-	85 Thackeray Avenue, Lexington, KY 40596			2783		Pat	Thompson	Pat Thompson		Lexington		KY	40596	85 Thackeray Ave		502.83			
218	U	1	-	85 Thackeray Avenue, Lexington, KY 40596			101		Patty	Thompson	Patty Thompson		Lexington		KY	40596	85 Thackeray Ave		471.74			
219	U	2	-	85 Thackeray Av, Lexington, KY 40596			2776		Pattie	Thompson	Pattie Thompson		Lexington		KY	40596	85 Thackeray Ave		379.88			
220	G	1	-	85 Thackeray Av, Lexington, KY 40596	1/30/02		110		Pattie	Thompson	Pattie Thompson		Lexington		KY	40596	85 Thackeray Ave		355.09			
221	U	1	-	85 Thackeray Ave, Lexington, KY 40596	01/30/2002	374622678960476	1002661		Patty	Thompson	Patty Thompson	1-(859)282-2818	Lexington	Female	KY	40596	85 Thackeray Ave		515.33	18592822818		09/30/2013
222	U	2	-	85 Thackeray Av, Lexington, KY 40596			2792		Pattie	Thompson	Pattie Thompson		Lexington		KY	40596	85 Thackeray Ave		564.02			
223	U	2	-	85 Thackeray Avenue, Lexington, KY 40596			2783		Pat	Thompson	Pat Thompson		Lexington		KY	40596	85 Thackeray Ave		502.83			
224	U	1	-	85 Thackeray Avenue, Lexington, KY 40596			101		Patty	Thompson	Patty Thompson		Lexington		KY	40596	85 Thackeray Ave		471.74			
225	G	2	-	85 Thackeray Av, Lexington, KY 40596	1/30/02		2776		Pattie	Thompson	Pattie Thompson		Lexington		KY	40596	85 Thackeray Ave		433.17			
226	U	2	-	85 Thackeray Av, Lexington, KY 40596			2776		Pattie	Thompson	Pattie Thompson		Lexington		KY	40596	85 Thackeray Ave		379.88			
227	G	1	-	85 Thackeray Av, Lexington, KY 40596	1/30/02		110		Pattie	Thompson	Pattie Thompson		Lexington		KY	40596	85 Thackeray Ave		355.09			
228	U	1	-	85 Thackeray Ave, Lexington, KY 40596	01/30/2002	374622678960476	1002661		Patty	Thompson	Patty Thompson	1-(859)282-2818	Lexington	Female	KY	40596	85 Thackeray Ave		515.33	18592822818		09/30/2013
229	U	2	-	85 Thackeray Av, Lexington, KY 40596			2792		Pattie	Thompson	Pattie Thompson		Lexington		KY	40596	85 Thackeray Ave		564.02			
230	U	2	-	85 Thackeray Avenue, Lexington, KY 40596			2783		Pat	Thompson	Pat Thompson		Lexington		KY	40596	85 Thackeray Ave		502.83			
231	U	1	-	85 Thackeray Avenue, Lexington, KY 40596			101		Patty	Thompson	Patty Thompson		Lexington		KY	40596	85 Thackeray Ave		471.74			
232	G	2	-	85 Thackeray Av, Lexington, KY 40596	1/30/02		2776		Pattie	Thompson	Pattie Thompson		Lexington		KY	40596	85 Thackeray Ave		433.17			
233	U	1	2	85 Thackeray Avenue, Lexington, KY, 40596			110		Pattie	Thompson	Pattie Thompson	1-(617)978-4306	Lexington		KY	40596	85 Thackeray Avenue		396.68	16179784306		
234	U	2	-	85 Thackeray Av, Lexington, KY 40596			2776		Pattie	Thompson	Pattie Thompson		Lexington		KY	40596	85 Thackeray Ave		379.88			
235	G	1	-	85 Thackeray Av, Lexington, KY 40596	1/30/02		110		Pattie	Thompson	Pattie Thompson		Lexington		KY	40596	85 Thackeray Ave		355.09			
236	U	1	-	85 Thackeray Ave, Lexington, KY 40596	01/30/2002	374622678960476	1002661		Patty	Thompson	Patty Thompson	1-(859)282-2818	Lexington	Female	KY	40596	85 Thackeray Ave		515.33	18592822818		09/30/2013
237	U	2	-	85 Thackeray Av, Lexington, KY 40596			2792		Pattie	Thompson	Pattie Thompson		Lexington		KY	40596	85 Thackeray Ave		564.02			
238	U	2	-	85 Thackeray Avenue, Lexington, KY 40596			2783		Pat	Thompson	Pat Thompson		Lexington		KY	40596	85 Thackeray Ave		502.83			
239	U	1	-	85 Thackeray Avenue, Lexington, KY 40596			101		Patty	Thompson	Patty Thompson		Lexington		KY	40596	85 Thackeray Ave		471.74			
240	G	2	-	85 Thackeray Av, Lexington, KY 40596	1/30/02		2776		Pattie	Thompson	Pattie Thompson		Lexington		KY	40596	85 Thackeray Ave		433.17			
241	U	1	2	85 Thackeray Avenue, Lexington, KY, 40596			110		Pattie	Thompson	Pattie Thompson	1-(617)978-4306	Lexington		KY	40596	85 Thackeray Avenue		396.68	16179784306		
242	A	2	4	85 Thackeray Ave., Lexington, KY 40596		374622678960476	274620	pthompsongw@state.gov	Pattie	Thompson	Pattie Thompson	1-(859)282-2818	Lexington		KY	40596	85 Thackeray Ave.	09/30/2013	525.37	18592822818		
243	U	2	-	85 Thackeray Av, Lexington, KY 40596			2776		Pattie	Thompson	Pattie Thompson		Lexington		KY	40596	85 Thackeray Ave		379.88			
244	G	1	-	85 Thackeray Av, Lexington, KY 40596	1/30/02		110		Pattie	Thompson	Pattie Thompson		Lexington		KY	40596	85 Thackeray Ave		355.09			
245	U	1	-	85 Thackeray Ave, Lexington, KY 40596	01/30/2002	374622678960476	1002661		Patty	Thompson	Patty Thompson	1-(859)282-2818	Lexington	Female	KY	40596	85 Thackeray Ave		515.33	18592822818		09/30/2013
246	U	2	-	85 Thackeray Av, Lexington, KY 40596			2792		Pattie	Thompson	Pattie Thompson		Lexington		KY	40596	85 Thackeray Ave		564.02			
247	U	2	-	85 Thackeray Avenue, Lexington, KY 40596			2783		Pat	Thompson	Pat Thompson		Lexington		KY	40596	85 Thackeray Ave		502.83			
248	U	1	-	85 Thackeray Avenue, Lexington, KY 40596			101		Patty	Thompson	Patty Thompson		Lexington		KY	40596	85 Thackeray Ave		471.74			
249	G	2	-	85 Thackeray Av, Lexington, KY 40596	1/30/02		2776		Pattie	Thompson	Pattie Thompson		Lexington		KY	40596	85 Thackeray Ave		433.17			
250	U	1	2	85 Thackeray Avenue, Lexington, KY, 40596			110		Pattie	Thompson	Pattie Thompson	1-(617)978-4306	Lexington		KY	40596	85 Thackeray Avenue		396.68	16179784306		
251	A	2	4	85 Thackeray Ave., Lexington, KY 40596		374622678960476	274620	pthompsongw@state.gov	Pattie	Thompson	Pattie Thompson	1-(859)282-2818	Lexington		KY	40596	85 Thackeray Ave.	09/30/2013	525.37	18592822818		
252	U	5	6	85 Thackeray Av, Lexington, KY 40596			5458		Pattie	Thompson	Pattie Thompson		Lexington		KY	40596	85 Thackeray Ave		519.97			
253	U	2	-	85 Thackeray Av, Lexington, KY 40596			2776		Pattie	Thompson	Pattie Thompson		Lexington		KY	40596	85 Thackeray Ave		379.88			
254	G	1	-	85 Thackeray Av, Lexington, KY 40596	1/30/02		110		Pattie	Thompson	Pattie Thompson		Lexington		KY	40596	85 Thackeray Ave		355.09			
255	U	1	-	85 Thackeray Ave, Lexington, KY 40596	01/30/2002	374622678960476	1002661		Patty	Thompson	Patty Thompson	1-(859)282-2818	Lexington	Female	KY	40596	85 Thackeray Ave		515.33	18592822818		09/30/2013
256	U	2	-	85 Thackeray Av, Lexington, KY 40596			2792		Pattie	Thompson	Pattie Thompson		Lexington		KY	40596	85 Thackeray Ave		564.02			
257	U	2	-	85 Thackeray Avenue, Lexington, KY 40596			2783		Pat	Thompson	Pat Thompson		Lexington		KY	40596	85 Thackeray Ave		502.83			
258	U	1	-	85 Thackeray Avenue, Lexington, KY 40596			101		Patty	Thompson	Patty Thompson		Lexington		KY	40596	85 Thackeray Ave		471.74			
259	G	2	-	85 Thackeray Av, Lexington, KY 40596	1/30/02		2776		Pattie	Thompson	Pattie Thompson		Lexington		KY	40596	85 Thackeray Ave		433.17			
260	U	1	2	85 Thackeray Avenue, Lexington, KY, 40596			110		Pattie	Thompson	Pattie Thompson	1-(617)978-4306	Lexington		KY	40596	85 Thackeray Avenue		396.68	16179784306		
261	A	2	4	85 Thackeray Ave., Lexington, KY 40596		374622678960476	274620	pthompsongw@state.gov	Pattie	Thompson	Pattie Thompson	1-(859)282-2818	Lexington		KY	40596	85 Thackeray Ave.	09/30/2013	525.37	18592822818		
262	U	5	6	85 Thackeray Av, Lexington, KY 40596			5458		Pattie	Thompson	Pattie Thompson		Lexington		KY	40596	85 Thackeray Ave		519.97			
263	G	1	8	85 Thackeray Av, Lexington, KY 40596	1/30/02		101		Pattie	Thompson	Pattie Thompson		Lexington		KY	40596	85 Thackeray Ave		476.96			
264	U	5	-	51 Walton Xing, LA, CA 90005			5463		Randy	Grant	Randy Grant		Los Angeles		CA	90005	51 Walton Xing		442.75			
265	U	5	-	51 Walton Xing, LA, CA 90005			5463		Randy	Grant	Randy Grant		Los Angeles		CA	90005	51 Walton Xing		442.75			
266	G	1	-	51 Walton Xing, LA, CA 90005	7/16/92		106		Randy	Grant	Randy Grant	1-(323)932-7994	Los Angeles		CA	90005	51 Walton Xing		482.81	13239327994		
267	U	5	-	51 Walton Xing, LA, CA 90005			5463		Randy	Grant	Randy Grant		Los Angeles		CA	90005	51 Walton Xing		442.75			
268	G	1	-	51 Walton Xing, LA, CA 90005	7/16/92		106		Randy	Grant	Randy Grant	1-(323)932-7994	Los Angeles		CA	90005	51 Walton Xing		482.81	13239327994		
269	G	2	-	51 Walton Xing, LA, CA 90005	7/16/92		2781	randygrant92@aol.com	Randy 	Grant	Randy Grant		Los Angeles		CA	90005	51 Walton Xing		525.46			
270	U	5	-	51 Walton Xing, LA, CA 90005			5463		Randy	Grant	Randy Grant		Los Angeles		CA	90005	51 Walton Xing		442.75			
271	G	1	-	51 Walton Xing, LA, CA 90005	7/16/92		106		Randy	Grant	Randy Grant	1-(323)932-7994	Los Angeles		CA	90005	51 Walton Xing		482.81	13239327994		
272	G	2	-	51 Walton Xing, LA, CA 90005	7/16/92		2781	randygrant92@aol.com	Randy 	Grant	Randy Grant		Los Angeles		CA	90005	51 Walton Xing		525.46			
273	U	1	1	51 Walton Xing, LA, CA 90005			115		Randy	Grant	Randy Grant		Los Angeles		CA	90005	51 Walton Xing		457.85			
274	U	5	-	51 Walton Xing, LA, CA 90005			5463		Randy	Grant	Randy Grant		Los Angeles		CA	90005	51 Walton Xing		442.75			
275	G	1	-	51 Walton Xing, LA, CA 90005	7/16/92		106		Randy	Grant	Randy Grant	1-(323)932-7994	Los Angeles		CA	90005	51 Walton Xing		482.81	13239327994		
276	G	2	-	51 Walton Xing, LA, CA 90005	7/16/92		2781	randygrant92@aol.com	Randy 	Grant	Randy Grant		Los Angeles		CA	90005	51 Walton Xing		525.46			
277	U	1	1	51 Walton Xing, LA, CA 90005			115		Randy	Grant	Randy Grant		Los Angeles		CA	90005	51 Walton Xing		457.85			
278	G	1	2	51 Walton Xing, LA, CA 90005	7/16/92		115	r.grant@gmail.com	Randy 	Grant	Randy Grant		Los Angeles		CA	90005	51 Walton Xing		643.71			
279	U	5	-	51 Walton Xing, LA, CA 90005			5463		Randy	Grant	Randy Grant		Los Angeles		CA	90005	51 Walton Xing		442.75			
280	G	1	-	51 Walton Xing, LA, CA 90005	7/16/92		106		Randy	Grant	Randy Grant	1-(323)932-7994	Los Angeles		CA	90005	51 Walton Xing		482.81	13239327994		
281	G	2	-	51 Walton Xing, LA, CA 90005	7/16/92		2781	randygrant92@aol.com	Randy 	Grant	Randy Grant		Los Angeles		CA	90005	51 Walton Xing		525.46			
282	U	1	1	51 Walton Xing, LA, CA 90005			115		Randy	Grant	Randy Grant		Los Angeles		CA	90005	51 Walton Xing		457.85			
283	G	1	2	51 Walton Xing, LA, CA 90005	7/16/92		115	r.grant@gmail.com	Randy 	Grant	Randy Grant		Los Angeles		CA	90005	51 Walton Xing		643.71			
284	U	1	3	51 Walton Xing, Los Angeles, CA 90005	07/16/1992	6392036889230618	1067413		Randy	Grant	Randy Grant	1-(323)932-7994	Los Angeles	Male	CA	90005	51 Walton Xing		475.88	13239327994		07/23/2011
285	U	5	-	51 Walton Xing, LA, CA 90005			5463		Randy	Grant	Randy Grant		Los Angeles		CA	90005	51 Walton Xing		442.75			
286	G	1	-	51 Walton Xing, LA, CA 90005	7/16/92		106		Randy	Grant	Randy Grant	1-(323)932-7994	Los Angeles		CA	90005	51 Walton Xing		482.81	13239327994		
287	G	2	-	51 Walton Xing, LA, CA 90005	7/16/92		2781	randygrant92@aol.com	Randy 	Grant	Randy Grant		Los Angeles		CA	90005	51 Walton Xing		525.46			
288	U	1	1	51 Walton Xing, LA, CA 90005			115		Randy	Grant	Randy Grant		Los Angeles		CA	90005	51 Walton Xing		457.85			
289	G	1	2	51 Walton Xing, LA, CA 90005	7/16/92		115	r.grant@gmail.com	Randy 	Grant	Randy Grant		Los Angeles		CA	90005	51 Walton Xing		643.71			
290	U	1	3	51 Walton Xing, Los Angeles, CA 90005	07/16/1992	6392036889230618	1067413		Randy	Grant	Randy Grant	1-(323)932-7994	Los Angeles	Male	CA	90005	51 Walton Xing		475.88	13239327994		07/23/2011
291	U	1	6	51 Walton Zing, LA, CA 90005			106		Randi	Grant	Randi Grant		Los Angeles		CA	90005	51 Walton Zing		240.67			
292	U	5	-	51 Walton Xing, LA, CA 90005			5463		Randy	Grant	Randy Grant		Los Angeles		CA	90005	51 Walton Xing		442.75			
293	G	1	-	51 Walton Xing, LA, CA 90005	7/16/92		106		Randy	Grant	Randy Grant	1-(323)932-7994	Los Angeles		CA	90005	51 Walton Xing		482.81	13239327994		
294	G	2	-	51 Walton Xing, LA, CA 90005	7/16/92		2781	randygrant92@aol.com	Randy 	Grant	Randy Grant		Los Angeles		CA	90005	51 Walton Xing		525.46			
295	U	1	1	51 Walton Xing, LA, CA 90005			115		Randy	Grant	Randy Grant		Los Angeles		CA	90005	51 Walton Xing		457.85			
296	G	1	2	51 Walton Xing, LA, CA 90005	7/16/92		115	r.grant@gmail.com	Randy 	Grant	Randy Grant		Los Angeles		CA	90005	51 Walton Xing		643.71			
297	U	1	3	51 Walton Xing, Los Angeles, CA 90005	07/16/1992	6392036889230618	1067413		Randy	Grant	Randy Grant	1-(323)932-7994	Los Angeles	Male	CA	90005	51 Walton Xing		475.88	13239327994		07/23/2011
298	U	1	6	51 Walton Zing, LA, CA 90005			106		Randi	Grant	Randi Grant		Los Angeles		CA	90005	51 Walton Zing		240.67			
299	U	2	6	51 Walton Xing, LA, CA 90005			2788		Randi	Grant	Randi Grant		Los Angeles		CA	90005	51 Walton Xing		401.39			
300	U	5	-	51 Walton Xing, LA, CA 90005			5463		Randy	Grant	Randy Grant		Los Angeles		CA	90005	51 Walton Xing		442.75			
301	G	1	-	51 Walton Xing, LA, CA 90005	7/16/92		106		Randy	Grant	Randy Grant	1-(323)932-7994	Los Angeles		CA	90005	51 Walton Xing		482.81	13239327994		
302	G	2	-	51 Walton Xing, LA, CA 90005	7/16/92		2781	randygrant92@aol.com	Randy 	Grant	Randy Grant		Los Angeles		CA	90005	51 Walton Xing		525.46			
303	U	1	1	51 Walton Xing, LA, CA 90005			115		Randy	Grant	Randy Grant		Los Angeles		CA	90005	51 Walton Xing		457.85			
304	G	1	2	51 Walton Xing, LA, CA 90005	7/16/92		115	r.grant@gmail.com	Randy 	Grant	Randy Grant		Los Angeles		CA	90005	51 Walton Xing		643.71			
305	U	1	3	51 Walton Xing, Los Angeles, CA 90005	07/16/1992	6392036889230618	1067413		Randy	Grant	Randy Grant	1-(323)932-7994	Los Angeles	Male	CA	90005	51 Walton Xing		475.88	13239327994		07/23/2011
306	U	1	6	51 Walton Zing, LA, CA 90005			106		Randi	Grant	Randi Grant		Los Angeles		CA	90005	51 Walton Zing		240.67			
307	U	2	6	51 Walton Xing, LA, CA 90005			2788		Randi	Grant	Randi Grant		Los Angeles		CA	90005	51 Walton Xing		401.39			
308	U	2	8	51 Walton Xing, LA, CA 90005			2781		Randy	Grant	Randy Grant		Los Angeles		CA	90005	51 Walton Xing		309.37			
309	U	5	-	51 Walton Xing, LA, CA 90005			5463		Randy	Grant	Randy Grant		Los Angeles		CA	90005	51 Walton Xing		442.75			
310	G	1	-	51 Walton Xing, LA, CA 90005	7/16/92		106		Randy	Grant	Randy Grant	1-(323)932-7994	Los Angeles		CA	90005	51 Walton Xing		482.81	13239327994		
311	G	2	-	51 Walton Xing, LA, CA 90005	7/16/92		2781	randygrant92@aol.com	Randy 	Grant	Randy Grant		Los Angeles		CA	90005	51 Walton Xing		525.46			
312	U	1	1	51 Walton Xing, LA, CA 90005			115		Randy	Grant	Randy Grant		Los Angeles		CA	90005	51 Walton Xing		457.85			
313	G	1	2	51 Walton Xing, LA, CA 90005	7/16/92		115	r.grant@gmail.com	Randy 	Grant	Randy Grant		Los Angeles		CA	90005	51 Walton Xing		643.71			
314	U	1	3	51 Walton Xing, Los Angeles, CA 90005	07/16/1992	6392036889230618	1067413		Randy	Grant	Randy Grant	1-(323)932-7994	Los Angeles	Male	CA	90005	51 Walton Xing		475.88	13239327994		07/23/2011
315	U	1	6	51 Walton Zing, LA, CA 90005			106		Randi	Grant	Randi Grant		Los Angeles		CA	90005	51 Walton Zing		240.67			
316	U	2	6	51 Walton Xing, LA, CA 90005			2788		Randi	Grant	Randi Grant		Los Angeles		CA	90005	51 Walton Xing		401.39			
317	U	2	8	51 Walton Xing, LA, CA 90005			2781		Randy	Grant	Randy Grant		Los Angeles		CA	90005	51 Walton Xing		309.37			
318	U	2	8	51 Walton Xing, LA, CA 90005			2797		Randy	Grant	Randy Grant		Los Angeles		CA	90005	51 Walton Xing		433.12			
319	G	1	-	1107 Schiller Terr, Washington, DC 20566			103	jsimshd@myspace.com	Jerri	Sims	Jerri Sims	1-(202)209-9282	Washington		DC	20566	1107 Schiller Ter.		686.56	12022099282		
320	G	1	-	1107 Schiller Terr, Washington, DC 20566			103	jsimshd@myspace.com	Jerri	Sims	Jerri Sims	1-(202)209-9282	Washington		DC	20566	1107 Schiller Ter.		686.56	12022099282		
321	U	1	-	1107 Schiller Terr, Wash, DC 20566			112		Jerri	Sims	Jerri Sims		Washington		DC	20566	1107 Schiller Ter.		493.6			
322	G	1	-	1107 Schiller Terr, Washington, DC 20566			103	jsimshd@myspace.com	Jerri	Sims	Jerri Sims	1-(202)209-9282	Washington		DC	20566	1107 Schiller Ter.		686.56	12022099282		
323	U	1	-	1107 Schiller Terr, Wash, DC 20566			112		Jerri	Sims	Jerri Sims		Washington		DC	20566	1107 Schiller Ter.		493.6			
324	U	1	-	1107 Schiller Ter., Washington, DC 20566		4026263821056005	1026678	jsimshd@myspace.com	Jerry	Sims	Jerry Sims	1-(202)209-9282	Washington	Male	DC	20566	1107 Schiller Ter.		362.0	12022099282		08/04/2012
325	G	1	-	1107 Schiller Terr, Washington, DC 20566			103	jsimshd@myspace.com	Jerri	Sims	Jerri Sims	1-(202)209-9282	Washington		DC	20566	1107 Schiller Ter.		686.56	12022099282		
326	U	1	-	1107 Schiller Terr, Wash, DC 20566			112		Jerri	Sims	Jerri Sims		Washington		DC	20566	1107 Schiller Ter.		493.6			
327	U	1	-	1107 Schiller Ter., Washington, DC 20566		4026263821056005	1026678	jsimshd@myspace.com	Jerry	Sims	Jerry Sims	1-(202)209-9282	Washington	Male	DC	20566	1107 Schiller Ter.		362.0	12022099282		08/04/2012
328	U	2	-	1107 Schiller Terr, Washington, DC 20566			2778		Jerri	Sims	Jerri Sims		Washington		DC	20566	1107 Schiller Ter.		400.86			
329	G	1	-	1107 Schiller Terr, Washington, DC 20566			103	jsimshd@myspace.com	Jerri	Sims	Jerri Sims	1-(202)209-9282	Washington		DC	20566	1107 Schiller Ter.		686.56	12022099282		
330	U	1	-	1107 Schiller Terr, Wash, DC 20566			112		Jerri	Sims	Jerri Sims		Washington		DC	20566	1107 Schiller Ter.		493.6			
331	U	1	-	1107 Schiller Ter., Washington, DC 20566		4026263821056005	1026678	jsimshd@myspace.com	Jerry	Sims	Jerry Sims	1-(202)209-9282	Washington	Male	DC	20566	1107 Schiller Ter.		362.0	12022099282		08/04/2012
332	U	2	-	1107 Schiller Terr, Washington, DC 20566			2778		Jerri	Sims	Jerri Sims		Washington		DC	20566	1107 Schiller Ter.		400.86			
333	U	5	-	1107 Schiller Terr, Washington, DC 20566			5460		Jerri	Sims	Jerri Sims		Washington		DC	20566	1107 Schiller Ter.		523.11			
334	G	1	-	1107 Schiller Terr, Washington, DC 20566			103	jsimshd@myspace.com	Jerri	Sims	Jerri Sims	1-(202)209-9282	Washington		DC	20566	1107 Schiller Ter.		686.56	12022099282		
335	U	1	-	1107 Schiller Terr, Wash, DC 20566			112		Jerri	Sims	Jerri Sims		Washington		DC	20566	1107 Schiller Ter.		493.6			
336	U	1	-	1107 Schiller Ter., Washington, DC 20566		4026263821056005	1026678	jsimshd@myspace.com	Jerry	Sims	Jerry Sims	1-(202)209-9282	Washington	Male	DC	20566	1107 Schiller Ter.		362.0	12022099282		08/04/2012
337	U	2	-	1107 Schiller Terr, Washington, DC 20566			2778		Jerri	Sims	Jerri Sims		Washington		DC	20566	1107 Schiller Ter.		400.86			
338	U	5	-	1107 Schiller Terr, Washington, DC 20566			5460		Jerri	Sims	Jerri Sims		Washington		DC	20566	1107 Schiller Ter.		523.11			
339	G	2	-	1107 Schiller Terr, Washington, DC 20566			2778		Jerri	Sims	Jerri Sims		Washington		DC	20566	1107 Schiller Ter.		566.81			
340	G	1	-	1107 Schiller Terr, Washington, DC 20566			103	jsimshd@myspace.com	Jerri	Sims	Jerri Sims	1-(202)209-9282	Washington		DC	20566	1107 Schiller Ter.		686.56	12022099282		
341	U	1	-	1107 Schiller Terr, Wash, DC 20566			112		Jerri	Sims	Jerri Sims		Washington		DC	20566	1107 Schiller Ter.		493.6			
342	U	1	-	1107 Schiller Ter., Washington, DC 20566		4026263821056005	1026678	jsimshd@myspace.com	Jerry	Sims	Jerry Sims	1-(202)209-9282	Washington	Male	DC	20566	1107 Schiller Ter.		362.0	12022099282		08/04/2012
343	U	2	-	1107 Schiller Terr, Washington, DC 20566			2778		Jerri	Sims	Jerri Sims		Washington		DC	20566	1107 Schiller Ter.		400.86			
344	U	5	-	1107 Schiller Terr, Washington, DC 20566			5460		Jerri	Sims	Jerri Sims		Washington		DC	20566	1107 Schiller Ter.		523.11			
345	G	2	-	1107 Schiller Terr, Washington, DC 20566			2778		Jerri	Sims	Jerri Sims		Washington		DC	20566	1107 Schiller Ter.		566.81			
346	U	2	4	1107 Schiller Terr, Wash, DC 20566			2794		Jerri	Sims	Jerri Sims		Washington		DC	20566	1107 Schiller Ter.		578.99			
347	G	1	-	1107 Schiller Terr, Washington, DC 20566			103	jsimshd@myspace.com	Jerri	Sims	Jerri Sims	1-(202)209-9282	Washington		DC	20566	1107 Schiller Ter.		686.56	12022099282		
348	U	1	-	1107 Schiller Terr, Wash, DC 20566			112		Jerri	Sims	Jerri Sims		Washington		DC	20566	1107 Schiller Ter.		493.6			
349	U	1	-	1107 Schiller Ter., Washington, DC 20566		4026263821056005	1026678	jsimshd@myspace.com	Jerry	Sims	Jerry Sims	1-(202)209-9282	Washington	Male	DC	20566	1107 Schiller Ter.		362.0	12022099282		08/04/2012
350	U	2	-	1107 Schiller Terr, Washington, DC 20566			2778		Jerri	Sims	Jerri Sims		Washington		DC	20566	1107 Schiller Ter.		400.86			
351	U	5	-	1107 Schiller Terr, Washington, DC 20566			5460		Jerri	Sims	Jerri Sims		Washington		DC	20566	1107 Schiller Ter.		523.11			
352	G	2	-	1107 Schiller Terr, Washington, DC 20566			2778		Jerri	Sims	Jerri Sims		Washington		DC	20566	1107 Schiller Ter.		566.81			
353	U	2	4	1107 Schiller Terr, Wash, DC 20566			2794		Jerri	Sims	Jerri Sims		Washington		DC	20566	1107 Schiller Ter.		578.99			
354	A	2	6	1107 Schiller Terrace, Washington, DC 20566		4026263821056005	298637	jsimshd@myspace.com	Jerry	Sims	Jerry Sims	1-(202)209-9282	Washington		DC	20566	1107 Schiller Terrace	08/04/2012	967.1	12022099282		
355	G	1	-	1107 Schiller Terr, Washington, DC 20566			103	jsimshd@myspace.com	Jerri	Sims	Jerri Sims	1-(202)209-9282	Washington		DC	20566	1107 Schiller Ter.		686.56	12022099282		
356	U	1	-	1107 Schiller Terr, Wash, DC 20566			112		Jerri	Sims	Jerri Sims		Washington		DC	20566	1107 Schiller Ter.		493.6			
357	U	1	-	1107 Schiller Ter., Washington, DC 20566		4026263821056005	1026678	jsimshd@myspace.com	Jerry	Sims	Jerry Sims	1-(202)209-9282	Washington	Male	DC	20566	1107 Schiller Ter.		362.0	12022099282		08/04/2012
358	U	2	-	1107 Schiller Terr, Washington, DC 20566			2778		Jerri	Sims	Jerri Sims		Washington		DC	20566	1107 Schiller Ter.		400.86			
359	U	5	-	1107 Schiller Terr, Washington, DC 20566			5460		Jerri	Sims	Jerri Sims		Washington		DC	20566	1107 Schiller Ter.		523.11			
360	G	2	-	1107 Schiller Terr, Washington, DC 20566			2778		Jerri	Sims	Jerri Sims		Washington		DC	20566	1107 Schiller Ter.		566.81			
361	U	2	4	1107 Schiller Terr, Wash, DC 20566			2794		Jerri	Sims	Jerri Sims		Washington		DC	20566	1107 Schiller Ter.		578.99			
362	A	2	6	1107 Schiller Terrace, Washington, DC 20566		4026263821056005	298637	jsimshd@myspace.com	Jerry	Sims	Jerry Sims	1-(202)209-9282	Washington		DC	20566	1107 Schiller Terrace	08/04/2012	967.1	12022099282		
363	G	1	6	1107 Schiller Terr, Wash, DC 20566			112	jsimshd@myspace.com	Jerri	Sims	Jerri Sims		Washington		DC	20566	1107 Schiller Ter.		297.88			
364	G	4	-	Islingt0n	1931-04-17		4132	bob.stokes@ibm.com	Bob	Stokes	Bob Stokes	447345577829	London		UK	EC12 5DS	5 Tall Trees rd,		720.67	447345577829		
365	G	4	-	Islingt0n	1931-04-17		4132	bob.stokes@ibm.com	Bob	Stokes	Bob Stokes	447345577829	London		UK	EC12 5DS	5 Tall Trees rd,		720.67	447345577829		
366	U	2	-	Islingtn	04/17/31	3554000374145987	2019627	[]	Bob	Stoles	Bob Stoles	447345567829	London	Male	UK	EC12 5DS	5 Tall Trees road		133.45	447345567829		2015-12-06
367	G	4	-	Islingt0n	1931-04-17		4132	bob.stokes@ibm.com	Bob	Stokes	Bob Stokes	447345577829	London		UK	EC12 5DS	5 Tall Trees rd,		720.67	447345577829		
368	U	2	-	Islingtn	04/17/31	3554000374145987	2019627	[]	Bob	Stoles	Bob Stoles	447345567829	London	Male	UK	EC12 5DS	5 Tall Trees road		133.45	447345567829		2015-12-06
369	G	5	-	Islington London	1931-04-17		5186	bobstokes@yahoo.com	Rob	Stokes	Rob Stokes	734 557 7829	EC12 London		EC12  UK	EC1 5DS	5 Tall Tree road		238.91	7345577829		
370	G	4	-	Islingt0n	1931-04-17		4132	bob.stokes@ibm.com	Bob	Stokes	Bob Stokes	447345577829	London		UK	EC12 5DS	5 Tall Trees rd,		720.67	447345577829		
371	U	2	-	Islingtn	04/17/31	3554000374145987	2019627	[]	Bob	Stoles	Bob Stoles	447345567829	London	Male	UK	EC12 5DS	5 Tall Trees road		133.45	447345567829		2015-12-06
372	G	5	-	Islington London	1931-04-17		5186	bobstokes@yahoo.com	Rob	Stokes	Rob Stokes	734 557 7829	EC12 London		EC12  UK	EC1 5DS	5 Tall Tree road		238.91	7345577829		
373	A	9	-	Islington	04/17/31		987654	bob.stokes@ibm.com	Bob	Stokes	Bob Stokes	7345567829	London	Male	UK	EC12 5DS	5 Tall Trees road		678.98	7345567829		12/25/12
374	G	4	-	Islingt0n	1931-04-17		4132	bob.stokes@ibm.com	Bob	Stokes	Bob Stokes	447345577829	London		UK	EC12 5DS	5 Tall Trees rd,		720.67	447345577829		
375	U	2	-	Islingtn	04/17/31	3554000374145987	2019627	[]	Bob	Stoles	Bob Stoles	447345567829	London	Male	UK	EC12 5DS	5 Tall Trees road		133.45	447345567829		2015-12-06
376	G	5	-	Islington London	1931-04-17		5186	bobstokes@yahoo.com	Rob	Stokes	Rob Stokes	734 557 7829	EC12 London		EC12  UK	EC1 5DS	5 Tall Tree road		238.91	7345577829		
377	A	9	-	Islington	04/17/31		987654	bob.stokes@ibm.com	Bob	Stokes	Bob Stokes	7345567829	London	Male	UK	EC12 5DS	5 Tall Trees road		678.98	7345567829		12/25/12
378	G	1	-	[]	17 Apr 31		189765	bob.stokes@ibm.com	Bobby	Stokes	Bobby Stokes	+447345567829	London	Male	UK	EC12 5DS	5 Tall Trees rd,		612.35	447345567829		2014-11-08
379	G	4	-	Islingt0n	1931-04-17		4132	bob.stokes@ibm.com	Bob	Stokes	Bob Stokes	447345577829	London		UK	EC12 5DS	5 Tall Trees rd,		720.67	447345577829		
380	U	2	-	Islingtn	04/17/31	3554000374145987	2019627	[]	Bob	Stoles	Bob Stoles	447345567829	London	Male	UK	EC12 5DS	5 Tall Trees road		133.45	447345567829		2015-12-06
381	G	5	-	Islington London	1931-04-17		5186	bobstokes@yahoo.com	Rob	Stokes	Rob Stokes	734 557 7829	EC12 London		EC12  UK	EC1 5DS	5 Tall Tree road		238.91	7345577829		
382	A	9	-	Islington	04/17/31		987654	bob.stokes@ibm.com	Bob	Stokes	Bob Stokes	7345567829	London	Male	UK	EC12 5DS	5 Tall Trees road		678.98	7345567829		12/25/12
383	G	1	-	[]	17 Apr 31		189765	bob.stokes@ibm.com	Bobby	Stokes	Bobby Stokes	+447345567829	London	Male	UK	EC12 5DS	5 Tall Trees rd,		612.35	447345567829		2014-11-08
384	U	6	2	Islington.			6435		Bob	Stokkes	Bob Stokkes	0734 556 7829	Lond0n 		United Kingdom	EC12	5 tal Trees road		120.36	07345567829		
385	G	4	-	Islingt0n	1931-04-17		4132	bob.stokes@ibm.com	Bob	Stokes	Bob Stokes	447345577829	London		UK	EC12 5DS	5 Tall Trees rd,		720.67	447345577829		
386	U	2	-	Islingtn	04/17/31	3554000374145987	2019627	[]	Bob	Stoles	Bob Stoles	447345567829	London	Male	UK	EC12 5DS	5 Tall Trees road		133.45	447345567829		2015-12-06
387	G	5	-	Islington London	1931-04-17		5186	bobstokes@yahoo.com	Rob	Stokes	Rob Stokes	734 557 7829	EC12 London		EC12  UK	EC1 5DS	5 Tall Tree road		238.91	7345577829		
388	A	9	-	Islington	04/17/31		987654	bob.stokes@ibm.com	Bob	Stokes	Bob Stokes	7345567829	London	Male	UK	EC12 5DS	5 Tall Trees road		678.98	7345567829		12/25/12
389	G	1	-	[]	17 Apr 31		189765	bob.stokes@ibm.com	Bobby	Stokes	Bobby Stokes	+447345567829	London	Male	UK	EC12 5DS	5 Tall Trees rd,		612.35	447345567829		2014-11-08
390	U	6	2	Islington.			6435		Bob	Stokkes	Bob Stokkes	0734 556 7829	Lond0n 		United Kingdom	EC12	5 tal Trees road		120.36	07345567829		
391	G	8	2	Islington 	04/17/31		853364	bob.stokes@yahoo.com	Bobby	Stokes	Bobby Stokes	(+44) 7345 567 829	[]	Male	UK	[]	[]		234.22	447345567829		2014-11-12
392	G	4	-	Islingt0n	1931-04-17		4132	bob.stokes@ibm.com	Bob	Stokes	Bob Stokes	447345577829	London		UK	EC12 5DS	5 Tall Trees rd,		720.67	447345577829		
393	U	2	-	Islingtn	04/17/31	3554000374145987	2019627	[]	Bob	Stoles	Bob Stoles	447345567829	London	Male	UK	EC12 5DS	5 Tall Trees road		133.45	447345567829		2015-12-06
394	G	5	-	Islington London	1931-04-17		5186	bobstokes@yahoo.com	Rob	Stokes	Rob Stokes	734 557 7829	EC12 London		EC12  UK	EC1 5DS	5 Tall Tree road		238.91	7345577829		
395	A	9	-	Islington	04/17/31		987654	bob.stokes@ibm.com	Bob	Stokes	Bob Stokes	7345567829	London	Male	UK	EC12 5DS	5 Tall Trees road		678.98	7345567829		12/25/12
396	G	1	-	[]	17 Apr 31		189765	bob.stokes@ibm.com	Bobby	Stokes	Bobby Stokes	+447345567829	London	Male	UK	EC12 5DS	5 Tall Trees rd,		612.35	447345567829		2014-11-08
397	U	6	2	Islington.			6435		Bob	Stokkes	Bob Stokkes	0734 556 7829	Lond0n 		United Kingdom	EC12	5 tal Trees road		120.36	07345567829		
398	G	8	2	Islington 	04/17/31		853364	bob.stokes@yahoo.com	Bobby	Stokes	Bobby Stokes	(+44) 7345 567 829	[]	Male	UK	[]	[]		234.22	447345567829		2014-11-12
399	A	3	5	highbury and Islington		3456234788564567	34234	bob_stokes@ibm.com	Robert	Stokes	Robert Stokes	0044-734-556-7829	London		UK	EC12 5DS	5 Tal Trees road	12/25/2012	977.87	00447345567829		
400	U	1	-	2951 Oriole Place, New York City, NY 10260	06/14/1973	6385751123877219	1073274	rmontgomery65@webmd.com	Rog	Montgomery	Rog Montgomery	1-(212)683-5971	New York City	Male	NY	10260	2951 Oriole Place		464.13	12126835971		09/15/2016
401	U	1	-	2951 Oriole Place, New York City, NY 10260	06/14/1973	6385751123877219	1073274	rmontgomery65@webmd.com	Rog	Montgomery	Rog Montgomery	1-(212)683-5971	New York City	Male	NY	10260	2951 Oriole Place		464.13	12126835971		09/15/2016
402	G	1	-	2951 Oriole Pl, New York City, NY 10260	6/14/73		109	rmontgomery65@webmd.com	Roger	Montgomry	Roger Montgomry	1-(212)683-5971	New York City		NY	10260	2951 Oriole Place		678.71	12126835971		
403	U	1	-	2951 Oriole Place, New York City, NY 10260	06/14/1973	6385751123877219	1073274	rmontgomery65@webmd.com	Rog	Montgomery	Rog Montgomery	1-(212)683-5971	New York City	Male	NY	10260	2951 Oriole Place		464.13	12126835971		09/15/2016
404	G	1	-	2951 Oriole Pl, New York City, NY 10260	6/14/73		109	rmontgomery65@webmd.com	Roger	Montgomry	Roger Montgomry	1-(212)683-5971	New York City		NY	10260	2951 Oriole Place		678.71	12126835971		
405	U	2	-	2951 Oriole Pl, New York City, NY 10260			2791		Roger	Montgomry	Roger Montgomry	1-(212)683-5971	New York City		NY	10260	2951 Oriole Place		448.1	12126835971		
406	U	1	-	2951 Oriole Place, New York City, NY 10260	06/14/1973	6385751123877219	1073274	rmontgomery65@webmd.com	Rog	Montgomery	Rog Montgomery	1-(212)683-5971	New York City	Male	NY	10260	2951 Oriole Place		464.13	12126835971		09/15/2016
407	G	1	-	2951 Oriole Pl, New York City, NY 10260	6/14/73		109	rmontgomery65@webmd.com	Roger	Montgomry	Roger Montgomry	1-(212)683-5971	New York City		NY	10260	2951 Oriole Place		678.71	12126835971		
408	U	2	-	2951 Oriole Pl, New York City, NY 10260			2791		Roger	Montgomry	Roger Montgomry	1-(212)683-5971	New York City		NY	10260	2951 Oriole Place		448.1	12126835971		
409	A	3	-			6385751123877219	345233		Roger	Montgomery	Roger Montgomery	1-(212)683-5971	New York City		NY	0		09/15/2016	477.11	12126835971		
410	U	1	-	2951 Oriole Place, New York City, NY 10260	06/14/1973	6385751123877219	1073274	rmontgomery65@webmd.com	Rog	Montgomery	Rog Montgomery	1-(212)683-5971	New York City	Male	NY	10260	2951 Oriole Place		464.13	12126835971		09/15/2016
411	G	1	-	2951 Oriole Pl, New York City, NY 10260	6/14/73		109	rmontgomery65@webmd.com	Roger	Montgomry	Roger Montgomry	1-(212)683-5971	New York City		NY	10260	2951 Oriole Place		678.71	12126835971		
412	U	2	-	2951 Oriole Pl, New York City, NY 10260			2791		Roger	Montgomry	Roger Montgomry	1-(212)683-5971	New York City		NY	10260	2951 Oriole Place		448.1	12126835971		
413	A	3	-			6385751123877219	345233		Roger	Montgomery	Roger Montgomery	1-(212)683-5971	New York City		NY	0		09/15/2016	477.11	12126835971		
414	U	2	-	2951 Oriole Place, New York, NY 10260			2800		Roger	Montgomry	Roger Montgomry		New York City		NY	10260	2951 Oriole Place		202.3			
415	U	1	-	2951 Oriole Place, New York City, NY 10260	06/14/1973	6385751123877219	1073274	rmontgomery65@webmd.com	Rog	Montgomery	Rog Montgomery	1-(212)683-5971	New York City	Male	NY	10260	2951 Oriole Place		464.13	12126835971		09/15/2016
416	G	1	-	2951 Oriole Pl, New York City, NY 10260	6/14/73		109	rmontgomery65@webmd.com	Roger	Montgomry	Roger Montgomry	1-(212)683-5971	New York City		NY	10260	2951 Oriole Place		678.71	12126835971		
417	U	2	-	2951 Oriole Pl, New York City, NY 10260			2791		Roger	Montgomry	Roger Montgomry	1-(212)683-5971	New York City		NY	10260	2951 Oriole Place		448.1	12126835971		
418	A	3	-			6385751123877219	345233		Roger	Montgomery	Roger Montgomery	1-(212)683-5971	New York City		NY	0		09/15/2016	477.11	12126835971		
419	U	2	-	2951 Oriole Place, New York, NY 10260			2800		Roger	Montgomry	Roger Montgomry		New York City		NY	10260	2951 Oriole Place		202.3			
420	G	1	-	2951 Oriole Place, New York, NY 10260	6/14/73		118	rmontgomery65@webmd.com	Roger	Montgomry	Roger Montgomry		New York City		NY	10260	2951 Oriole Place		503.52			
421	U	1	-	2951 Oriole Place, New York City, NY 10260	06/14/1973	6385751123877219	1073274	rmontgomery65@webmd.com	Rog	Montgomery	Rog Montgomery	1-(212)683-5971	New York City	Male	NY	10260	2951 Oriole Place		464.13	12126835971		09/15/2016
422	G	1	-	2951 Oriole Pl, New York City, NY 10260	6/14/73		109	rmontgomery65@webmd.com	Roger	Montgomry	Roger Montgomry	1-(212)683-5971	New York City		NY	10260	2951 Oriole Place		678.71	12126835971		
423	U	2	-	2951 Oriole Pl, New York City, NY 10260			2791		Roger	Montgomry	Roger Montgomry	1-(212)683-5971	New York City		NY	10260	2951 Oriole Place		448.1	12126835971		
424	A	3	-			6385751123877219	345233		Roger	Montgomery	Roger Montgomery	1-(212)683-5971	New York City		NY	0		09/15/2016	477.11	12126835971		
425	U	2	-	2951 Oriole Place, New York, NY 10260			2800		Roger	Montgomry	Roger Montgomry		New York City		NY	10260	2951 Oriole Place		202.3			
426	G	1	-	2951 Oriole Place, New York, NY 10260	6/14/73		118	rmontgomery65@webmd.com	Roger	Montgomry	Roger Montgomry		New York City		NY	10260	2951 Oriole Place		503.52			
427	U	1	1	2951 Oriole Pl, New York City, NY 10260			109		Roger	Montgomry	Roger Montgomry	1-(212)683-5971	New York City		NY	10260	2951 Oriole Place		556.87	12126835971		
428	U	1	-	2951 Oriole Place, New York City, NY 10260	06/14/1973	6385751123877219	1073274	rmontgomery65@webmd.com	Rog	Montgomery	Rog Montgomery	1-(212)683-5971	New York City	Male	NY	10260	2951 Oriole Place		464.13	12126835971		09/15/2016
429	G	1	-	2951 Oriole Pl, New York City, NY 10260	6/14/73		109	rmontgomery65@webmd.com	Roger	Montgomry	Roger Montgomry	1-(212)683-5971	New York City		NY	10260	2951 Oriole Place		678.71	12126835971		
430	U	2	-	2951 Oriole Pl, New York City, NY 10260			2791		Roger	Montgomry	Roger Montgomry	1-(212)683-5971	New York City		NY	10260	2951 Oriole Place		448.1	12126835971		
431	A	3	-			6385751123877219	345233		Roger	Montgomery	Roger Montgomery	1-(212)683-5971	New York City		NY	0		09/15/2016	477.11	12126835971		
432	U	2	-	2951 Oriole Place, New York, NY 10260			2800		Roger	Montgomry	Roger Montgomry		New York City		NY	10260	2951 Oriole Place		202.3			
433	G	1	-	2951 Oriole Place, New York, NY 10260	6/14/73		118	rmontgomery65@webmd.com	Roger	Montgomry	Roger Montgomry		New York City		NY	10260	2951 Oriole Place		503.52			
434	U	1	1	2951 Oriole Pl, New York City, NY 10260			109		Roger	Montgomry	Roger Montgomry	1-(212)683-5971	New York City		NY	10260	2951 Oriole Place		556.87	12126835971		
435	U	1	4	2951 Oriole Place, New York, NY 10260			118		Roger	Montgomry	Roger Montgomry		New York City		NY	10260	2951 Oriole Place		577.1			
436	G	1	-	54358 Debs Terrace, Birmingham, AL 35279	1/27/77		120	jmontgomery2@fema.gov	Jean	Montgomery	Jean Montgomery	1-(205)114-4684	Birmingham		AL	35279	54358 Debs Terrace		257.99	12051144684		
437	G	1	-	54358 Debs Terrace, Birmingham, AL 35279	1/27/77		120	jmontgomery2@fema.gov	Jean	Montgomery	Jean Montgomery	1-(205)114-4684	Birmingham		AL	35279	54358 Debs Terrace		257.99	12051144684		
438	U	9	-	54358 Debs Terrace, Birmingham, AL 35279	01/27/1977		982055	jmontgomery2@fema.gov	Jean	Montgomery	Jean Montgomery	1-(205)114-4684	Birmingham	Female	AL	35279	54358 Debs Terrace		572.16	12051144684		12/25/2012
439	G	1	-	54358 Debs Terrace, Birmingham, AL 35279	1/27/77		120	jmontgomery2@fema.gov	Jean	Montgomery	Jean Montgomery	1-(205)114-4684	Birmingham		AL	35279	54358 Debs Terrace		257.99	12051144684		
440	U	9	-	54358 Debs Terrace, Birmingham, AL 35279	01/27/1977		982055	jmontgomery2@fema.gov	Jean	Montgomery	Jean Montgomery	1-(205)114-4684	Birmingham	Female	AL	35279	54358 Debs Terrace		572.16	12051144684		12/25/2012
441	G	9	-	54358 Debs Terrace, Birmingham, AL 35279	1/27/77		982055	jmontgomery2@fema.gov	Jean	Montgomery	Jean Montgomery	1-(205)114-4684	Birmingham	Female	AL	35279	54358 Debs Terrace		745.3	12051144684		12/25/12
442	G	1	-	54358 Debs Terrace, Birmingham, AL 35279	1/27/77		120	jmontgomery2@fema.gov	Jean	Montgomery	Jean Montgomery	1-(205)114-4684	Birmingham		AL	35279	54358 Debs Terrace		257.99	12051144684		
443	U	9	-	54358 Debs Terrace, Birmingham, AL 35279	01/27/1977		982055	jmontgomery2@fema.gov	Jean	Montgomery	Jean Montgomery	1-(205)114-4684	Birmingham	Female	AL	35279	54358 Debs Terrace		572.16	12051144684		12/25/2012
444	G	9	-	54358 Debs Terrace, Birmingham, AL 35279	1/27/77		982055	jmontgomery2@fema.gov	Jean	Montgomery	Jean Montgomery	1-(205)114-4684	Birmingham	Female	AL	35279	54358 Debs Terrace		745.3	12051144684		12/25/12
445	U	2	1	54358 Debs Terrace, Birmingham, AL 35279			2802		Jean	Montgomery	Jean Montgomery	1-(205)114-4684	Birmingham		AL	35279	54358 Debs Terrace		734.27	12051144684		
446	G	1	-	54358 Debs Terrace, Birmingham, AL 35279	1/27/77		120	jmontgomery2@fema.gov	Jean	Montgomery	Jean Montgomery	1-(205)114-4684	Birmingham		AL	35279	54358 Debs Terrace		257.99	12051144684		
447	U	9	-	54358 Debs Terrace, Birmingham, AL 35279	01/27/1977		982055	jmontgomery2@fema.gov	Jean	Montgomery	Jean Montgomery	1-(205)114-4684	Birmingham	Female	AL	35279	54358 Debs Terrace		572.16	12051144684		12/25/2012
448	G	9	-	54358 Debs Terrace, Birmingham, AL 35279	1/27/77		982055	jmontgomery2@fema.gov	Jean	Montgomery	Jean Montgomery	1-(205)114-4684	Birmingham	Female	AL	35279	54358 Debs Terrace		745.3	12051144684		12/25/12
449	U	2	1	54358 Debs Terrace, Birmingham, AL 35279			2802		Jean	Montgomery	Jean Montgomery	1-(205)114-4684	Birmingham		AL	35279	54358 Debs Terrace		734.27	12051144684		
450	U	1	2	54358 Debs Terrace, Birmingham, AL 35279			120		Jean	Montgomery	Jean Montgomery	1-(205)114-4684	Birmingham		AL	35279	54358 Debs Terrace		646.13	12051144684		
451	G	1	-	54358 Debs Terrace, Birmingham, AL 35279	1/27/77		120	jmontgomery2@fema.gov	Jean	Montgomery	Jean Montgomery	1-(205)114-4684	Birmingham		AL	35279	54358 Debs Terrace		257.99	12051144684		
452	U	9	-	54358 Debs Terrace, Birmingham, AL 35279	01/27/1977		982055	jmontgomery2@fema.gov	Jean	Montgomery	Jean Montgomery	1-(205)114-4684	Birmingham	Female	AL	35279	54358 Debs Terrace		572.16	12051144684		12/25/2012
453	G	9	-	54358 Debs Terrace, Birmingham, AL 35279	1/27/77		982055	jmontgomery2@fema.gov	Jean	Montgomery	Jean Montgomery	1-(205)114-4684	Birmingham	Female	AL	35279	54358 Debs Terrace		745.3	12051144684		12/25/12
454	U	2	1	54358 Debs Terrace, Birmingham, AL 35279			2802		Jean	Montgomery	Jean Montgomery	1-(205)114-4684	Birmingham		AL	35279	54358 Debs Terrace		734.27	12051144684		
455	U	1	2	54358 Debs Terrace, Birmingham, AL 35279			120		Jean	Montgomery	Jean Montgomery	1-(205)114-4684	Birmingham		AL	35279	54358 Debs Terrace		646.13	12051144684		
456	A	2	8	54358 Debs Ter., Birmingham, AL 35279		3548180981305868	254014		Jean	Montgomery	Jean Montgomery		Birmingham		AL	35279	54358 Debs Ter.	12/25/2012	477.01			
457	G	1	-	54358 Debs Terrace, Birmingham, AL 35279	1/27/77		120	jmontgomery2@fema.gov	Jean	Montgomery	Jean Montgomery	1-(205)114-4684	Birmingham		AL	35279	54358 Debs Terrace		257.99	12051144684		
458	U	9	-	54358 Debs Terrace, Birmingham, AL 35279	01/27/1977		982055	jmontgomery2@fema.gov	Jean	Montgomery	Jean Montgomery	1-(205)114-4684	Birmingham	Female	AL	35279	54358 Debs Terrace		572.16	12051144684		12/25/2012
459	G	9	-	54358 Debs Terrace, Birmingham, AL 35279	1/27/77		982055	jmontgomery2@fema.gov	Jean	Montgomery	Jean Montgomery	1-(205)114-4684	Birmingham	Female	AL	35279	54358 Debs Terrace		745.3	12051144684		12/25/12
460	U	2	1	54358 Debs Terrace, Birmingham, AL 35279			2802		Jean	Montgomery	Jean Montgomery	1-(205)114-4684	Birmingham		AL	35279	54358 Debs Terrace		734.27	12051144684		
461	U	1	2	54358 Debs Terrace, Birmingham, AL 35279			120		Jean	Montgomery	Jean Montgomery	1-(205)114-4684	Birmingham		AL	35279	54358 Debs Terrace		646.13	12051144684		
462	A	2	8	54358 Debs Ter., Birmingham, AL 35279		3548180981305868	254014		Jean	Montgomery	Jean Montgomery		Birmingham		AL	35279	54358 Debs Ter.	12/25/2012	477.01			
463	A	9	8	54358 Debs Terrace, Birmingham, AL 35279	1/27/77		982055	jmontgomery2@fema.gov	Jean	Montgomery	Jean Montgomery	1-(205)114-4684	Birmingham	Female	AL	35279	54358 Debs Terrace		807.9	12051144684		12/25/12
464	U	9	-	77813 Vernon St, Brockton, MA 02305	10/06/1982		982054		Rolf	Graham	Rolf Graham	1-(508)525-0923	Brockton	Male	MA	2305	77813 Vernon St		430.07	15085250923		02/29/2016
465	U	9	-	77813 Vernon St, Brockton, MA 02305	10/06/1982		982054		Rolf	Graham	Rolf Graham	1-(508)525-0923	Brockton	Male	MA	2305	77813 Vernon St		430.07	15085250923		02/29/2016
466	U	1	-	77813 Vernon St, Brockton, MA 02305			119		Rolf	Graham	Rolf Graham	1-(508)525-0923	Brockton		MA	2305	77813 Vernon St		500.14	15085250923		
467	U	9	-	77813 Vernon St, Brockton, MA 02305	10/06/1982		982054		Rolf	Graham	Rolf Graham	1-(508)525-0923	Brockton	Male	MA	2305	77813 Vernon St		430.07	15085250923		02/29/2016
468	U	1	-	77813 Vernon St, Brockton, MA 02305			119		Rolf	Graham	Rolf Graham	1-(508)525-0923	Brockton		MA	2305	77813 Vernon St		500.14	15085250923		
469	U	2	-	77813 Vernon St, Brockton, MA 02305			2801		Rolf	Graham	Rolf Graham	1-(508)525-0923	Brockton		MA	2305	77813 Vernon St		540.82	15085250923		
470	U	9	-	77813 Vernon St, Brockton, MA 02305	10/06/1982		982054		Rolf	Graham	Rolf Graham	1-(508)525-0923	Brockton	Male	MA	2305	77813 Vernon St		430.07	15085250923		02/29/2016
471	U	1	-	77813 Vernon St, Brockton, MA 02305			119		Rolf	Graham	Rolf Graham	1-(508)525-0923	Brockton		MA	2305	77813 Vernon St		500.14	15085250923		
472	U	2	-	77813 Vernon St, Brockton, MA 02305			2801		Rolf	Graham	Rolf Graham	1-(508)525-0923	Brockton		MA	2305	77813 Vernon St		540.82	15085250923		
473	A	9	1	77813 Vernon St, Brockton, MA 02305	10/6/82		982054		Rolf	Graham	Rolf Graham	1-(508)525-0923	Brockton	Male	MA	2305	77813 Vernon St		964.39	15085250923		2/29/16
474	U	9	-	77813 Vernon St, Brockton, MA 02305	10/06/1982		982054		Rolf	Graham	Rolf Graham	1-(508)525-0923	Brockton	Male	MA	2305	77813 Vernon St		430.07	15085250923		02/29/2016
475	U	1	-	77813 Vernon St, Brockton, MA 02305			119		Rolf	Graham	Rolf Graham	1-(508)525-0923	Brockton		MA	2305	77813 Vernon St		500.14	15085250923		
476	U	2	-	77813 Vernon St, Brockton, MA 02305			2801		Rolf	Graham	Rolf Graham	1-(508)525-0923	Brockton		MA	2305	77813 Vernon St		540.82	15085250923		
477	A	9	1	77813 Vernon St, Brockton, MA 02305	10/6/82		982054		Rolf	Graham	Rolf Graham	1-(508)525-0923	Brockton	Male	MA	2305	77813 Vernon St		964.39	15085250923		2/29/16
478	G	1	4	77813 Vernon St, Brockton, MA 02305	10/6/82		119		Rolf	Graham	Rolf Graham	1-(508)525-0923	Brockton		MA	2305	77813 Vernon St		484.42	15085250923		
479	U	9	-	77813 Vernon St, Brockton, MA 02305	10/06/1982		982054		Rolf	Graham	Rolf Graham	1-(508)525-0923	Brockton	Male	MA	2305	77813 Vernon St		430.07	15085250923		02/29/2016
480	U	1	-	77813 Vernon St, Brockton, MA 02305			119		Rolf	Graham	Rolf Graham	1-(508)525-0923	Brockton		MA	2305	77813 Vernon St		500.14	15085250923		
481	U	2	-	77813 Vernon St, Brockton, MA 02305			2801		Rolf	Graham	Rolf Graham	1-(508)525-0923	Brockton		MA	2305	77813 Vernon St		540.82	15085250923		
482	A	9	1	77813 Vernon St, Brockton, MA 02305	10/6/82		982054		Rolf	Graham	Rolf Graham	1-(508)525-0923	Brockton	Male	MA	2305	77813 Vernon St		964.39	15085250923		2/29/16
483	G	1	4	77813 Vernon St, Brockton, MA 02305	10/6/82		119		Rolf	Graham	Rolf Graham	1-(508)525-0923	Brockton		MA	2305	77813 Vernon St		484.42	15085250923		
484	G	9	8	77813 Vernon St, Brockton, MA 02305	10/6/82		982054		Rolf	Graham	Rolf Graham	1-(508)525-0923	Brockton	Male	MA	2305	77813 Vernon St		341.99	15085250923		2/29/16
485	G	9	-		11/24/04		982056	whicks3@reference.com	Wanda	Hicks	Wanda Hicks	1-(616)981-0290	Grand Rapids	Female	MI	0			363.69	16169810290		8/11/14
486	G	9	-		11/24/04		982056	whicks3@reference.com	Wanda	Hicks	Wanda Hicks	1-(616)981-0290	Grand Rapids	Female	MI	0			363.69	16169810290		8/11/14
487	U	9	-		11/24/2004		982056	whicks3@reference.com	Wanda	Hicks	Wanda Hicks	1-(616)981-0290	Grand Rapids	Female	MI	0			506.97	16169810290		08/11/2014
488	G	9	-		11/24/04		982056	whicks3@reference.com	Wanda	Hicks	Wanda Hicks	1-(616)981-0290	Grand Rapids	Female	MI	0			363.69	16169810290		8/11/14
489	U	9	-		11/24/2004		982056	whicks3@reference.com	Wanda	Hicks	Wanda Hicks	1-(616)981-0290	Grand Rapids	Female	MI	0			506.97	16169810290		08/11/2014
490	U	1	-				121		Wanda	Hicks	Wanda Hicks	1-(616)981-0290	Grand Rapids		MI	0			818.3	16169810290		
491	G	9	-		11/24/04		982056	whicks3@reference.com	Wanda	Hicks	Wanda Hicks	1-(616)981-0290	Grand Rapids	Female	MI	0			363.69	16169810290		8/11/14
492	U	9	-		11/24/2004		982056	whicks3@reference.com	Wanda	Hicks	Wanda Hicks	1-(616)981-0290	Grand Rapids	Female	MI	0			506.97	16169810290		08/11/2014
493	U	1	-				121		Wanda	Hicks	Wanda Hicks	1-(616)981-0290	Grand Rapids		MI	0			818.3	16169810290		
494	U	2	-				2803		Wanda	Hicks	Wanda Hicks	1-(616)981-0290	Grand Rapids		MI	0			497.5	16169810290		
495	G	9	-		11/24/04		982056	whicks3@reference.com	Wanda	Hicks	Wanda Hicks	1-(616)981-0290	Grand Rapids	Female	MI	0			363.69	16169810290		8/11/14
496	U	9	-		11/24/2004		982056	whicks3@reference.com	Wanda	Hicks	Wanda Hicks	1-(616)981-0290	Grand Rapids	Female	MI	0			506.97	16169810290		08/11/2014
497	U	1	-				121		Wanda	Hicks	Wanda Hicks	1-(616)981-0290	Grand Rapids		MI	0			818.3	16169810290		
498	U	2	-				2803		Wanda	Hicks	Wanda Hicks	1-(616)981-0290	Grand Rapids		MI	0			497.5	16169810290		
499	G	1	-		11/24/04		121	whicks3@reference.com	Wanda	Hicks	Wanda Hicks	1-(616)981-0290	Grand Rapids		MI	0			398.78	16169810290		
500	G	9	-		11/24/04		982056	whicks3@reference.com	Wanda	Hicks	Wanda Hicks	1-(616)981-0290	Grand Rapids	Female	MI	0			363.69	16169810290		8/11/14
501	U	9	-		11/24/2004		982056	whicks3@reference.com	Wanda	Hicks	Wanda Hicks	1-(616)981-0290	Grand Rapids	Female	MI	0			506.97	16169810290		08/11/2014
502	U	1	-				121		Wanda	Hicks	Wanda Hicks	1-(616)981-0290	Grand Rapids		MI	0			818.3	16169810290		
503	U	2	-				2803		Wanda	Hicks	Wanda Hicks	1-(616)981-0290	Grand Rapids		MI	0			497.5	16169810290		
504	G	1	-		11/24/04		121	whicks3@reference.com	Wanda	Hicks	Wanda Hicks	1-(616)981-0290	Grand Rapids		MI	0			398.78	16169810290		
505	A	9	5		11/24/04		982056	whicks3@reference.com	Wanda	Hicks	Wanda Hicks	1-(616)981-0290	Grand Rapids	Female	MI	0			692.52	16169810290		8/11/14
506	U	9	-	753 Dapin Street, Jacksonville, FL 32244		372301611586225	983323		Jeffrey	Ortiz	Jeffrey Ortiz	1-(904)171-8613	Jacksonville	Male	FL	32244	753 Dapin Street		256.79	19041718613		02/03/2015
507	U	9	-	753 Dapin Street, Jacksonville, FL 32244		372301611586225	983323		Jeffrey	Ortiz	Jeffrey Ortiz	1-(904)171-8613	Jacksonville	Male	FL	32244	753 Dapin Street		256.79	19041718613		02/03/2015
508	G	1	-	753 Dapin Street, Jacksonville, FL 32244			1109		Jeffrey	Ortiz	Jeffrey Ortiz	1-(904)171-8613	Jacksonville		FL	32244	753 Dapin Street		379.49	19041718613		
509	U	9	-	753 Dapin Street, Jacksonville, FL 32244		372301611586225	983323		Jeffrey	Ortiz	Jeffrey Ortiz	1-(904)171-8613	Jacksonville	Male	FL	32244	753 Dapin Street		256.79	19041718613		02/03/2015
510	G	1	-	753 Dapin Street, Jacksonville, FL 32244			1109		Jeffrey	Ortiz	Jeffrey Ortiz	1-(904)171-8613	Jacksonville		FL	32244	753 Dapin Street		379.49	19041718613		
511	U	3	1	753 Dapin Street, Jacksonville, FL 32244			3791		Jeffrey	Ortiz	Jeffrey Ortiz	1-(904)171-8613	Jacksonville		FL	32244	753 Dapin Street		641.04	19041718613		
512	U	9	-	753 Dapin Street, Jacksonville, FL 32244		372301611586225	983323		Jeffrey	Ortiz	Jeffrey Ortiz	1-(904)171-8613	Jacksonville	Male	FL	32244	753 Dapin Street		256.79	19041718613		02/03/2015
513	G	1	-	753 Dapin Street, Jacksonville, FL 32244			1109		Jeffrey	Ortiz	Jeffrey Ortiz	1-(904)171-8613	Jacksonville		FL	32244	753 Dapin Street		379.49	19041718613		
514	U	3	1	753 Dapin Street, Jacksonville, FL 32244			3791		Jeffrey	Ortiz	Jeffrey Ortiz	1-(904)171-8613	Jacksonville		FL	32244	753 Dapin Street		641.04	19041718613		
515	U	9	3	7522 Banding Ter., Jacksonville, FL 32244	02/01/1970	3566030937343140	991355	jortiz8e@twitter.com	Jeffrey	Ortiz	Jeffrey Ortiz		Jacksonville	Male	FL	32244	7522 Banding Ter.		305.76			12/21/2015
516	U	9	-	753 Dapin Street, Jacksonville, FL 32244		372301611586225	983323		Jeffrey	Ortiz	Jeffrey Ortiz	1-(904)171-8613	Jacksonville	Male	FL	32244	753 Dapin Street		256.79	19041718613		02/03/2015
517	G	1	-	753 Dapin Street, Jacksonville, FL 32244			1109		Jeffrey	Ortiz	Jeffrey Ortiz	1-(904)171-8613	Jacksonville		FL	32244	753 Dapin Street		379.49	19041718613		
518	U	3	1	753 Dapin Street, Jacksonville, FL 32244			3791		Jeffrey	Ortiz	Jeffrey Ortiz	1-(904)171-8613	Jacksonville		FL	32244	753 Dapin Street		641.04	19041718613		
519	U	9	3	7522 Banding Ter., Jacksonville, FL 32244	02/01/1970	3566030937343140	991355	jortiz8e@twitter.com	Jeffrey	Ortiz	Jeffrey Ortiz		Jacksonville	Male	FL	32244	7522 Banding Ter.		305.76			12/21/2015
520	A	2	6	7522 Banding Ter, Jacksonville, FL 32244		3566030937343140	263314	jortiz8e@twitter.com	Jeffrey	Ortiz	Jeffrey Ortiz	1-(904)118-8205	Jacksonville		FL	32244	7522 Banding Ter	12/21/2015	752.61	19041188205		
521	U	9	-	753 Dapin Street, Jacksonville, FL 32244		372301611586225	983323		Jeffrey	Ortiz	Jeffrey Ortiz	1-(904)171-8613	Jacksonville	Male	FL	32244	753 Dapin Street		256.79	19041718613		02/03/2015
522	G	1	-	753 Dapin Street, Jacksonville, FL 32244			1109		Jeffrey	Ortiz	Jeffrey Ortiz	1-(904)171-8613	Jacksonville		FL	32244	753 Dapin Street		379.49	19041718613		
523	U	3	1	753 Dapin Street, Jacksonville, FL 32244			3791		Jeffrey	Ortiz	Jeffrey Ortiz	1-(904)171-8613	Jacksonville		FL	32244	753 Dapin Street		641.04	19041718613		
524	U	9	3	7522 Banding Ter., Jacksonville, FL 32244	02/01/1970	3566030937343140	991355	jortiz8e@twitter.com	Jeffrey	Ortiz	Jeffrey Ortiz		Jacksonville	Male	FL	32244	7522 Banding Ter.		305.76			12/21/2015
525	A	2	6	7522 Banding Ter, Jacksonville, FL 32244		3566030937343140	263314	jortiz8e@twitter.com	Jeffrey	Ortiz	Jeffrey Ortiz	1-(904)118-8205	Jacksonville		FL	32244	7522 Banding Ter	12/21/2015	752.61	19041188205		
526	A	2	8	753 Dapin Street, Jacksonville, FL 32244			255282		Jeffrey	Ortiz	Jeffrey Ortiz		Jacksonville		FL	32244	753 Dapin Street	02/03/2015	704.9			
527	G	2	-	50930 Fordem Hill, Kansas City, MO 64109	5/4/90		2769	mdunnaz@army.mil	Mildred	Dunn	Mildred Dunn	1-(816)303-9290	Kansas City		MO	64109	50930 Fordem Hill		468.95	18163039290		
528	G	2	-	50930 Fordem Hill, Kansas City, MO 64109	5/4/90		2769	mdunnaz@army.mil	Mildred	Dunn	Mildred Dunn	1-(816)303-9290	Kansas City		MO	64109	50930 Fordem Hill		468.95	18163039290		
529	A	2	-			3589125515687935	257407	mdunnaz@army.mil	Mildred	Dunn	Mildred Dunn	1-(816)303-9290	Kansas City		MO	0		06/11/2011	683.67	18163039290		
530	G	2	-	50930 Fordem Hill, Kansas City, MO 64109	5/4/90		2769	mdunnaz@army.mil	Mildred	Dunn	Mildred Dunn	1-(816)303-9290	Kansas City		MO	64109	50930 Fordem Hill		468.95	18163039290		
531	A	2	-			3589125515687935	257407	mdunnaz@army.mil	Mildred	Dunn	Mildred Dunn	1-(816)303-9290	Kansas City		MO	0		06/11/2011	683.67	18163039290		
532	U	9	2	50930 Fordem Hill, Kansas City, MO 64109	05/04/1990	3589125515687935	985448	mdunnaz@army.mil	Mildred	Dunn	Mildred Dunn	1-(816)303-9290	Kansas City	Female	MO	64109	50930 Fordem Hill		483.09	18163039290		06/11/2011
533	G	2	-	50930 Fordem Hill, Kansas City, MO 64109	5/4/90		2769	mdunnaz@army.mil	Mildred	Dunn	Mildred Dunn	1-(816)303-9290	Kansas City		MO	64109	50930 Fordem Hill		468.95	18163039290		
534	A	2	-			3589125515687935	257407	mdunnaz@army.mil	Mildred	Dunn	Mildred Dunn	1-(816)303-9290	Kansas City		MO	0		06/11/2011	683.67	18163039290		
535	U	9	2	50930 Fordem Hill, Kansas City, MO 64109	05/04/1990	3589125515687935	985448	mdunnaz@army.mil	Mildred	Dunn	Mildred Dunn	1-(816)303-9290	Kansas City	Female	MO	64109	50930 Fordem Hill		483.09	18163039290		06/11/2011
536	U	5	5	50930 Fordem Hill, Kansas City, MO 64109			5451		Mildred	Dunn	Mildred Dunn	1-(816)303-9290	Kansas City		MO	64109	50930 Fordem Hill		385.15	18163039290		
537	G	2	-	50930 Fordem Hill, Kansas City, MO 64109	5/4/90		2769	mdunnaz@army.mil	Mildred	Dunn	Mildred Dunn	1-(816)303-9290	Kansas City		MO	64109	50930 Fordem Hill		468.95	18163039290		
538	A	2	-			3589125515687935	257407	mdunnaz@army.mil	Mildred	Dunn	Mildred Dunn	1-(816)303-9290	Kansas City		MO	0		06/11/2011	683.67	18163039290		
539	U	9	2	50930 Fordem Hill, Kansas City, MO 64109	05/04/1990	3589125515687935	985448	mdunnaz@army.mil	Mildred	Dunn	Mildred Dunn	1-(816)303-9290	Kansas City	Female	MO	64109	50930 Fordem Hill		483.09	18163039290		06/11/2011
540	U	5	5	50930 Fordem Hill, Kansas City, MO 64109			5451		Mildred	Dunn	Mildred Dunn	1-(816)303-9290	Kansas City		MO	64109	50930 Fordem Hill		385.15	18163039290		
541	U	2	9	50930 Fordem Hill, Kansas City, MO 64109			2769		Mildred	Dunn	Mildred Dunn	1-(816)303-9290	Kansas City		MO	64109	50930 Fordem Hill		448.0	18163039290		
542	G	2	-	1 Sunbrook Place, Miami, FL 33283			2386		Teresa	Shaw	Teresa Shaw		Miami		FL	33283	1 Sunbrook Place		580.28			
543	G	2	-	1 Sunbrook Place, Miami, FL 33283			2386		Teresa	Shaw	Teresa Shaw		Miami		FL	33283	1 Sunbrook Place		580.28			
544	U	5	1	1 Sunbrook Place, Miami, FL 33283			5068		Teresa	Shaw	Teresa Shaw		Miami		FL	33283	1 Sunbrook Place		466.26			
545	G	2	-	1 Sunbrook Place, Miami, FL 33283			2386		Teresa	Shaw	Teresa Shaw		Miami		FL	33283	1 Sunbrook Place		580.28			
546	U	5	1	1 Sunbrook Place, Miami, FL 33283			5068		Teresa	Shaw	Teresa Shaw		Miami		FL	33283	1 Sunbrook Place		466.26			
547	U	2	2	1 Sunbrook Place, Miami, FL 33283			2386		Teresa	Shaw	Teresa Shaw		Miami		FL	33283	1 Sunbrook Place		587.26			
548	G	2	-	1 Sunbrook Place, Miami, FL 33283			2386		Teresa	Shaw	Teresa Shaw		Miami		FL	33283	1 Sunbrook Place		580.28			
549	U	5	1	1 Sunbrook Place, Miami, FL 33283			5068		Teresa	Shaw	Teresa Shaw		Miami		FL	33283	1 Sunbrook Place		466.26			
550	U	2	2	1 Sunbrook Place, Miami, FL 33283			2386		Teresa	Shaw	Teresa Shaw		Miami		FL	33283	1 Sunbrook Place		587.26			
551	A	2	2	1 Sunbrook Place, Miami, FL 33283			256907		Teresa	Shaw	Teresa Shaw	1-(305)498-9114	Miami		FL	33283	1 Sunbrook Place	08/16/2014	695.07	13054989114		
552	G	2	-	1 Sunbrook Place, Miami, FL 33283			2386		Teresa	Shaw	Teresa Shaw		Miami		FL	33283	1 Sunbrook Place		580.28			
553	U	5	1	1 Sunbrook Place, Miami, FL 33283			5068		Teresa	Shaw	Teresa Shaw		Miami		FL	33283	1 Sunbrook Place		466.26			
554	U	2	2	1 Sunbrook Place, Miami, FL 33283			2386		Teresa	Shaw	Teresa Shaw		Miami		FL	33283	1 Sunbrook Place		587.26			
555	A	2	2	1 Sunbrook Place, Miami, FL 33283			256907		Teresa	Shaw	Teresa Shaw	1-(305)498-9114	Miami		FL	33283	1 Sunbrook Place	08/16/2014	695.07	13054989114		
556	U	9	7	1 Sunbrook Place, Miami, FL 33283		3558048379842387	984948		Teresa	Shaw	Teresa Shaw		Miami	Female	FL	33283	1 Sunbrook Place		416.04			08/16/2014
557	U	2	-				2105		Rebekah	Jenkins	Rebekah Jenkins	1-(225)704-5214	Baton Rouge		LA	0			473.67	12257045214		
558	U	2	-				2105		Rebekah	Jenkins	Rebekah Jenkins	1-(225)704-5214	Baton Rouge		LA	0			473.67	12257045214		
559	G	2	-		5/31/02		2105	rjenkinsf6@abc.net.au	Rebekah	Jenkins	Rebekah Jenkins	1-(225)704-5214	Baton Rouge		LA	0			431.98	12257045214		
560	U	2	-				2105		Rebekah	Jenkins	Rebekah Jenkins	1-(225)704-5214	Baton Rouge		LA	0			473.67	12257045214		
561	G	2	-		5/31/02		2105	rjenkinsf6@abc.net.au	Rebekah	Jenkins	Rebekah Jenkins	1-(225)704-5214	Baton Rouge		LA	0			431.98	12257045214		
562	U	9	-		05/31/2002		984599	rjenkinsf6@abc.net.au	Rebekah	Jenkins	Rebekah Jenkins	1-(225)704-5214	Baton Rouge	Female	LA	0			520.39	12257045214		03/09/2014
563	U	2	-				2105		Rebekah	Jenkins	Rebekah Jenkins	1-(225)704-5214	Baton Rouge		LA	0			473.67	12257045214		
564	G	2	-		5/31/02		2105	rjenkinsf6@abc.net.au	Rebekah	Jenkins	Rebekah Jenkins	1-(225)704-5214	Baton Rouge		LA	0			431.98	12257045214		
565	U	9	-		05/31/2002		984599	rjenkinsf6@abc.net.au	Rebekah	Jenkins	Rebekah Jenkins	1-(225)704-5214	Baton Rouge	Female	LA	0			520.39	12257045214		03/09/2014
566	U	4	-				4787		Rebekah	Jenkins	Rebekah Jenkins	1-(225)704-5214	Baton Rouge		LA	0			280.04	12257045214		
567	U	2	-				2105		Rebekah	Jenkins	Rebekah Jenkins	1-(225)704-5214	Baton Rouge		LA	0			473.67	12257045214		
568	G	2	-		5/31/02		2105	rjenkinsf6@abc.net.au	Rebekah	Jenkins	Rebekah Jenkins	1-(225)704-5214	Baton Rouge		LA	0			431.98	12257045214		
569	U	9	-		05/31/2002		984599	rjenkinsf6@abc.net.au	Rebekah	Jenkins	Rebekah Jenkins	1-(225)704-5214	Baton Rouge	Female	LA	0			520.39	12257045214		03/09/2014
570	U	4	-				4787		Rebekah	Jenkins	Rebekah Jenkins	1-(225)704-5214	Baton Rouge		LA	0			280.04	12257045214		
571	A	2	7	927 Veith Ave, Baton Rouge, LA 70810		633422307709318400	256558	rjenkinsf6@abc.net.au	Rebekah	Jenkins	Rebekah Jenkins		Baton Rouge		LA	70810	927 Veith Ave	03/09/2014	815.77			
572	U	9	-	07 Graceland Street, Birmingham, AL 35290	06/18/2004	342575352378671	984453	emedinab4@go.com	Ernest	Medina	Ernest Medina	1-(205)624-2952	Birmingham	Male	AL	35290	07 Graceland Street		426.29	12056242952		10/08/2015
573	U	9	-	07 Graceland Street, Birmingham, AL 35290	06/18/2004	342575352378671	984453	emedinab4@go.com	Ernest	Medina	Ernest Medina	1-(205)624-2952	Birmingham	Male	AL	35290	07 Graceland Street		426.29	12056242952		10/08/2015
574	U	1	2	07 Graceland Street, Birmingham, AL 35290			1992		Ernest	Medina	Ernest Medina	1-(205)624-2952	Birmingham		AL	35290	07 Graceland Street		387.12	12056242952		
575	U	9	-	07 Graceland Street, Birmingham, AL 35290	06/18/2004	342575352378671	984453	emedinab4@go.com	Ernest	Medina	Ernest Medina	1-(205)624-2952	Birmingham	Male	AL	35290	07 Graceland Street		426.29	12056242952		10/08/2015
576	U	1	2	07 Graceland Street, Birmingham, AL 35290			1992		Ernest	Medina	Ernest Medina	1-(205)624-2952	Birmingham		AL	35290	07 Graceland Street		387.12	12056242952		
577	U	4	5	07 Graceland Street, Birmingham, AL 35290			4674		Ernest	Medina	Ernest Medina	1-(205)624-2952	Birmingham		AL	35290	07 Graceland Street		462.02	12056242952		
578	U	9	-	07 Graceland Street, Birmingham, AL 35290	06/18/2004	342575352378671	984453	emedinab4@go.com	Ernest	Medina	Ernest Medina	1-(205)624-2952	Birmingham	Male	AL	35290	07 Graceland Street		426.29	12056242952		10/08/2015
579	U	1	2	07 Graceland Street, Birmingham, AL 35290			1992		Ernest	Medina	Ernest Medina	1-(205)624-2952	Birmingham		AL	35290	07 Graceland Street		387.12	12056242952		
580	U	4	5	07 Graceland Street, Birmingham, AL 35290			4674		Ernest	Medina	Ernest Medina	1-(205)624-2952	Birmingham		AL	35290	07 Graceland Street		462.02	12056242952		
581	G	1	5	07 Graceland Street, Birmingham, AL 35290	6/18/04		1992	emedinab4@go.com	Ernest	Medina	Ernest Medina	1-(205)624-2952	Birmingham		AL	35290	07 Graceland Street		548.72	12056242952		
582	U	9	-	07 Graceland Street, Birmingham, AL 35290	06/18/2004	342575352378671	984453	emedinab4@go.com	Ernest	Medina	Ernest Medina	1-(205)624-2952	Birmingham	Male	AL	35290	07 Graceland Street		426.29	12056242952		10/08/2015
583	U	1	2	07 Graceland Street, Birmingham, AL 35290			1992		Ernest	Medina	Ernest Medina	1-(205)624-2952	Birmingham		AL	35290	07 Graceland Street		387.12	12056242952		
584	U	4	5	07 Graceland Street, Birmingham, AL 35290			4674		Ernest	Medina	Ernest Medina	1-(205)624-2952	Birmingham		AL	35290	07 Graceland Street		462.02	12056242952		
585	G	1	5	07 Graceland Street, Birmingham, AL 35290	6/18/04		1992	emedinab4@go.com	Ernest	Medina	Ernest Medina	1-(205)624-2952	Birmingham		AL	35290	07 Graceland Street		548.72	12056242952		
586	A	2	6	07 Graceland Street, Birmingham, AL 35290		342575352378671	256412	emedinab4@go.com	Erny	Medina	Erny Medina		Birmingham		AL	35290	07 Graceland Street	10/08/2015	665.32			
587	U	9	-	0 Di Loreto Junction, Huntington, WV 25770	06/25/1973	3580552799091493	982153	lrogers2s@51.la	Lois	Rogers	Lois Rogers	1-(304)483-9240	Huntington	Female	WV	25770	0 Di Loreto Junction		460.26	13044839240		01/16/2016
588	U	9	-	0 Di Loreto Junction, Huntington, WV 25770	06/25/1973	3580552799091493	982153	lrogers2s@51.la	Lois	Rogers	Lois Rogers	1-(304)483-9240	Huntington	Female	WV	25770	0 Di Loreto Junction		460.26	13044839240		01/16/2016
589	A	2	-	0 Di Loreto Junction, Huntington, WV 25770			254112	lrogers2s@51.la	Luisa	Rogers	Luisa Rogers	1-(304)483-9240	Huntington		WV	25770	0 Di Loreto Junction	01/16/2016	510.83	13044839240		
590	U	9	-	0 Di Loreto Junction, Huntington, WV 25770	06/25/1973	3580552799091493	982153	lrogers2s@51.la	Lois	Rogers	Lois Rogers	1-(304)483-9240	Huntington	Female	WV	25770	0 Di Loreto Junction		460.26	13044839240		01/16/2016
591	A	2	-	0 Di Loreto Junction, Huntington, WV 25770			254112	lrogers2s@51.la	Luisa	Rogers	Luisa Rogers	1-(304)483-9240	Huntington		WV	25770	0 Di Loreto Junction	01/16/2016	510.83	13044839240		
592	U	2	-	0 Di Loreto Junction, Huntington, WV 25770			2878		Lois	Rogers	Lois Rogers	1-(304)483-9240	Huntington		WV	25770	0 Di Loreto Junction		405.67	13044839240		
593	U	9	-	0 Di Loreto Junction, Huntington, WV 25770	06/25/1973	3580552799091493	982153	lrogers2s@51.la	Lois	Rogers	Lois Rogers	1-(304)483-9240	Huntington	Female	WV	25770	0 Di Loreto Junction		460.26	13044839240		01/16/2016
594	A	2	-	0 Di Loreto Junction, Huntington, WV 25770			254112	lrogers2s@51.la	Luisa	Rogers	Luisa Rogers	1-(304)483-9240	Huntington		WV	25770	0 Di Loreto Junction	01/16/2016	510.83	13044839240		
595	U	2	-	0 Di Loreto Junction, Huntington, WV 25770			2878		Lois	Rogers	Lois Rogers	1-(304)483-9240	Huntington		WV	25770	0 Di Loreto Junction		405.67	13044839240		
596	U	1	1	0 Di Loreto Junction, Huntington, WV 25770			196		Lois	Rogers	Lois Rogers	1-(304)483-9240	Huntington		WV	25770	0 Di Loreto Junction		673.43	13044839240		
597	U	9	-	0 Di Loreto Junction, Huntington, WV 25770	06/25/1973	3580552799091493	982153	lrogers2s@51.la	Lois	Rogers	Lois Rogers	1-(304)483-9240	Huntington	Female	WV	25770	0 Di Loreto Junction		460.26	13044839240		01/16/2016
598	A	2	-	0 Di Loreto Junction, Huntington, WV 25770			254112	lrogers2s@51.la	Luisa	Rogers	Luisa Rogers	1-(304)483-9240	Huntington		WV	25770	0 Di Loreto Junction	01/16/2016	510.83	13044839240		
599	U	2	-	0 Di Loreto Junction, Huntington, WV 25770			2878		Lois	Rogers	Lois Rogers	1-(304)483-9240	Huntington		WV	25770	0 Di Loreto Junction		405.67	13044839240		
600	U	1	1	0 Di Loreto Junction, Huntington, WV 25770			196		Lois	Rogers	Lois Rogers	1-(304)483-9240	Huntington		WV	25770	0 Di Loreto Junction		673.43	13044839240		
601	G	1	5	0 Di Loreto Junction, Huntington, WV 25770	6/25/73		196	lrogers2s@51.la	Lois	Rogers	Lois Rogers	1-(304)483-9240	Huntington		WV	25770	0 Di Loreto Junction		612.67	13044839240		
602	U	1	-				1486		Fred	Ford	Fred Ford	1-(202)701-0958	Washington		DC	0			378.57	12027010958		
603	U	1	-				1486		Fred	Ford	Fred Ford	1-(202)701-0958	Washington		DC	0			378.57	12027010958		
604	A	2	-	724 Mallard Parkway, Washington, DC 20551		5002356353140307	255776	ffordl8@accuweather.com	Fred	Ford	Fred Ford		Washington		DC	20551	724 Mallard Parkway	10/16/2014	1098.97			
605	U	1	-				1486		Fred	Ford	Fred Ford	1-(202)701-0958	Washington		DC	0			378.57	12027010958		
606	A	2	-	724 Mallard Parkway, Washington, DC 20551		5002356353140307	255776	ffordl8@accuweather.com	Fred	Ford	Fred Ford		Washington		DC	20551	724 Mallard Parkway	10/16/2014	1098.97			
607	U	9	-		03/04/1984	5002356353140307	983817	ffordl8@accuweather.com	Fred	Ford	Fred Ford	1-(202)701-0958	Washington	Male	DC	0			311.34	12027010958		10/16/2014
608	U	1	-				1486		Fred	Ford	Fred Ford	1-(202)701-0958	Washington		DC	0			378.57	12027010958		
609	A	2	-	724 Mallard Parkway, Washington, DC 20551		5002356353140307	255776	ffordl8@accuweather.com	Fred	Ford	Fred Ford		Washington		DC	20551	724 Mallard Parkway	10/16/2014	1098.97			
610	U	9	-		03/04/1984	5002356353140307	983817	ffordl8@accuweather.com	Fred	Ford	Fred Ford	1-(202)701-0958	Washington	Male	DC	0			311.34	12027010958		10/16/2014
611	U	4	1				4168		Fred	Ford	Fred Ford	1-(202)701-0958	Washington		DC	0			550.37	12027010958		
612	U	1	-				1486		Fred	Ford	Fred Ford	1-(202)701-0958	Washington		DC	0			378.57	12027010958		
613	A	2	-	724 Mallard Parkway, Washington, DC 20551		5002356353140307	255776	ffordl8@accuweather.com	Fred	Ford	Fred Ford		Washington		DC	20551	724 Mallard Parkway	10/16/2014	1098.97			
614	U	9	-		03/04/1984	5002356353140307	983817	ffordl8@accuweather.com	Fred	Ford	Fred Ford	1-(202)701-0958	Washington	Male	DC	0			311.34	12027010958		10/16/2014
615	U	4	1				4168		Fred	Ford	Fred Ford	1-(202)701-0958	Washington		DC	0			550.37	12027010958		
616	G	1	8		3/4/84		1486	ffordl8@accuweather.com	Fred	Ford	Fred Ford	1-(202)701-0958	Washington		DC	0			659.64	12027010958		
617	G	1	-	3 Boyd Pass, Stockton, CA 95205	12/4/66		186	tjohnston2f@mapy.cz	Todd	Johnston	Todd Johnston	1-(209)265-4262	Stockton		CA	95205	3 Boyd Pass		476.82	12092654262		
618	G	1	-	3 Boyd Pass, Stockton, CA 95205	12/4/66		186	tjohnston2f@mapy.cz	Todd	Johnston	Todd Johnston	1-(209)265-4262	Stockton		CA	95205	3 Boyd Pass		476.82	12092654262		
619	U	1	-	3 Boyd Pass, Stockton, CA 95205			186		Todd	Johnston	Todd Johnston	1-(209)265-4262	Stockton		CA	95205	3 Boyd Pass		312.98	12092654262		
620	G	1	-	3 Boyd Pass, Stockton, CA 95205	12/4/66		186	tjohnston2f@mapy.cz	Todd	Johnston	Todd Johnston	1-(209)265-4262	Stockton		CA	95205	3 Boyd Pass		476.82	12092654262		
621	U	1	-	3 Boyd Pass, Stockton, CA 95205			186		Todd	Johnston	Todd Johnston	1-(209)265-4262	Stockton		CA	95205	3 Boyd Pass		312.98	12092654262		
622	U	2	-	3 Boyd Pass, Stockton, CA 95205			2868		Todd	Johnston	Todd Johnston	1-(209)265-4262	Stockton		CA	95205	3 Boyd Pass		391.8	12092654262		
623	G	1	-	3 Boyd Pass, Stockton, CA 95205	12/4/66		186	tjohnston2f@mapy.cz	Todd	Johnston	Todd Johnston	1-(209)265-4262	Stockton		CA	95205	3 Boyd Pass		476.82	12092654262		
624	U	1	-	3 Boyd Pass, Stockton, CA 95205			186		Todd	Johnston	Todd Johnston	1-(209)265-4262	Stockton		CA	95205	3 Boyd Pass		312.98	12092654262		
625	U	2	-	3 Boyd Pass, Stockton, CA 95205			2868		Todd	Johnston	Todd Johnston	1-(209)265-4262	Stockton		CA	95205	3 Boyd Pass		391.8	12092654262		
626	A	2	4	3 Boyd Pass, Stockton, CA 95205		5602247527254401	254099	tjohnston2f@mapy.cz	Tod	Johnston	Tod Johnston		Stockton		CA	95205	3 Boyd Pass	07/22/2015	503.16			
627	G	1	-	3 Boyd Pass, Stockton, CA 95205	12/4/66		186	tjohnston2f@mapy.cz	Todd	Johnston	Todd Johnston	1-(209)265-4262	Stockton		CA	95205	3 Boyd Pass		476.82	12092654262		
628	U	1	-	3 Boyd Pass, Stockton, CA 95205			186		Todd	Johnston	Todd Johnston	1-(209)265-4262	Stockton		CA	95205	3 Boyd Pass		312.98	12092654262		
629	U	2	-	3 Boyd Pass, Stockton, CA 95205			2868		Todd	Johnston	Todd Johnston	1-(209)265-4262	Stockton		CA	95205	3 Boyd Pass		391.8	12092654262		
630	A	2	4	3 Boyd Pass, Stockton, CA 95205		5602247527254401	254099	tjohnston2f@mapy.cz	Tod	Johnston	Tod Johnston		Stockton		CA	95205	3 Boyd Pass	07/22/2015	503.16			
631	U	9	6	3 Boyd Pass, Stockton, CA 95205	12/04/1966	5602247527254401	982140	tjohnston2f@mapy.cz	Todd	Johnston	Todd Johnston	1-(209)265-4262	Stockton	Male	CA	95205	3 Boyd Pass		320.14	12092654262		07/22/2015
